,zhel,zcmb,EBVmw,st,e_st,covM_st,covBV_M,BV,e_BV,B_Tmax,B_Mmax,B_eMmax,V_Tmax,V_Mmax,V_eMmax,u_Tmax,u_Mmax,u_eMmax,UVW2_Tmax,UVW2_Mmax,UVW2_eMmax,UVM2_Tmax,UVM2_Mmax,UVM2_eMmax,UVW1_Tmax,UVW1_Mmax,UVW1_eMmax
SN2009ig,0.00877,0.00801012477773289,0.0269,1.145747291110063,0.011446673522781066,2.9645376191821057e-05,5.458397290522662e-05,0.1217193603515625,0.021421292781986005,2455080.75,13.547062873840332,0.007378792390227318,2455081.75,13.42534351348877,0.020110325887799263,2455079.25,13.187507629394531,0.019097547978162766,2455079.25,16.535686492919922,0.028923502191901207,2455080.5,17.421119689941406,0.04723769426345825,2455078.5,14.763296127319336,0.027451150119304657
SN2015ar,0.017005,0.016016429583971575,0.0578,0.8385860416387277,0.023776089641148364,0.0004393847236930537,0.001092758444025258,0.032657623291015625,0.048649415272501675,2457351.0,15.310576438903809,0.03536277636885643,2457352.25,15.277918815612793,0.033410172909498215,2457349.25,14.833320617675781,0.03678397834300995,2457349.5,17.538549423217773,0.05833344906568527,2457351.25,18.084674835205078,0.06494013965129852,2457348.75,16.18180274963379,0.04685387760400772
SN2017cbv,0.003999,0.0046684298729018844,0.1452,1.297489569719326,0.01384168463013082,0.0001788034604788913,0.0004648843036333401,0.18921470642089844,0.03279345402155748,2457840.25,11.852338790893555,0.024428559467196465,2457841.5,11.663124084472656,0.021878210827708244,2457838.75,11.544989585876465,0.029585829004645348,2457838.75,14.795973777770996,0.044500064104795456,2457840.25,16.0606689453125,0.05108130723237991,2457838.25,13.118782997131348,0.033111266791820526
SN2011fs,0.020914,0.01985652488459457,0.1011,1.1831327297912668,0.05914622114999818,0.0005251489472535139,0.00035761057624170123,0.03989601135253906,0.029329471537888695,2455833.0,15.658660888671875,0.02087492123246193,2455834.25,15.618764877319336,0.02060231938958168,2455831.5,15.313236236572266,0.026994548738002777,2455831.5,18.842275619506836,0.04772404208779335,2455833.0,20.068012237548828,0.08071330934762955,2455830.75,17.181514739990234,0.03503536805510521
ASASSN-14eu,0.022722,0.023396580368679958,0.1316,1.134320966674022,0.10300168248517204,0.00010014213049981322,0.0003070609832446009,0.17140865325927734,0.027021175968052504,2456879.5,16.10020637512207,0.01774568296968937,2456880.5,15.928797721862793,0.020377308130264282,2456878.0,16.295555114746094,0.021539438515901566,2456878.0,19.266563415527344,0.04397859051823616,2456879.25,19.923349380493164,0.05862748250365257,2456877.25,18.00499725341797,0.036621980369091034
SN2013dh,0.013356,0.013837282989684873,0.033,0.7276328624482586,0.059048022603724555,0.0024219346327129273,0.002305615272889126,-0.010074615478515625,0.13318945390995993,2456464.0,17.53019905090332,0.048537373542785645,2456465.25,17.540273666381836,0.1240304559469223,2456462.25,16.621538162231445,0.05306071415543556,2456462.5,18.515256881713867,0.164553701877594,2456464.25,18.388216018676758,0.23903129994869232,2456461.75,17.834518432617188,0.11057846993207932
SN2011de,0.029187,0.02922216059593813,0.0256,1.0673399000063906,0.07106613078682233,0.0012076959247852553,0.0023873857111850368,-0.028634071350097656,0.07922806426487587,2455714.0,15.752084732055664,0.05421360209584236,2455714.75,15.780718803405762,0.05777518078684807,2455712.5,14.90053653717041,0.0592443123459816,2455712.5,17.38276481628418,0.10625065118074417,2455713.75,17.26180648803711,0.09762567281723022,2455711.75,16.102846145629883,0.09311175346374512
SN2012da,0.018012,0.01890792931969361,0.0089,1.2591546843789962,0.12044430078638574,-0.0014312797925862047,0.00044313130082206174,-0.0981130599975586,0.04030013660824387,2456109.25,15.654471397399902,0.026826972141861916,2456110.5,15.752584457397461,0.030073486268520355,2456108.0,15.262434959411621,0.029558610171079636,2456107.75,18.68678092956543,0.05418404936790466,2456109.25,19.6048526763916,0.10093474388122559,2456107.25,16.994176864624023,0.0388224758207798
iPTF14bdn,0.01588,0.016647538782951516,0.0096,1.3193131457058855,0.017241085608539132,0.00014352386992337948,0.00031550505477469346,-0.05776405334472656,0.030899347090725924,2456821.5,14.842644691467285,0.019793983548879623,2456822.75,14.900408744812012,0.023726943880319595,2456820.0,14.386460304260254,0.0203712061047554,2456820.0,17.718963623046875,0.03988717868924141,2456821.5,18.544660568237305,0.07280897349119186,2456819.5,16.11602210998535,0.026428937911987305
SN2012dn,0.010187,0.009456292644659092,0.0519,1.129916776118678,0.05645524246740327,6.219231892521269e-05,0.0021637351103699627,0.10410213470458984,0.07425645741220792,2456131.0,14.391898155212402,0.046726372092962265,2456131.75,14.287796020507812,0.05771193653345108,2456129.5,13.637206077575684,0.048199668526649475,2456129.25,16.17433738708496,0.09768608212471008,2456130.75,16.214921951293945,0.0999235287308693,2456128.75,14.83395004272461,0.0747809186577797
SN2010Y,0.01086,0.011224351121005869,0.0117,0.753562394700233,0.022217138401582705,0.00037750084464238675,0.0005165828189723583,-0.059345245361328125,0.09708265045422416,2455247.75,15.13790512084961,0.02726593054831028,2455249.0,15.197250366210938,0.09317515790462494,2455246.25,14.651204109191895,0.07310521602630615,2455246.5,17.319047927856445,0.13025087118148804,2455248.0,17.456018447875977,0.15411041676998138,2455245.75,15.942232131958008,0.09814461320638657
SN2013E,0.009413,0.010462802949383397,0.0843,1.1939515673684549,0.030020098162096682,-0.00010897145880358473,0.0003353842699535641,0.12307929992675781,0.028575404688206702,2456309.0,14.119343757629395,0.018397999927401543,2456310.0,13.996264457702637,0.0218647513538599,2456307.5,13.870283126831055,0.024030635133385658,2456307.25,17.28946304321289,0.04234924912452698,2456308.75,18.414684295654297,0.05581124126911163,2456306.75,15.626106262207031,0.03442175313830376
SN2013gh,0.0088,0.007740807639436221,0.0245,0.9715771213457925,0.025099700167585493,0.00020736137807533773,0.0003020795062771846,0.18852806091308594,0.0338939014928915,2456528.25,14.433388710021973,0.020032091066241264,2456529.5,14.244860649108887,0.027340663596987724,2456527.0,14.411372184753418,0.020747246220707893,2456526.75,17.523271560668945,0.039198946207761765,2456528.25,18.58342170715332,0.0640101432800293,2456526.0,16.06503677368164,0.03102731704711914
SN2015M,0.0231,0.023994290423354096,0.0088,1.2460381452168905,0.0512362173681485,0.0007189095062401212,0.0009990508479872872,0.017951011657714844,0.05238253176976434,2457167.25,15.55880069732666,0.03422563895583153,2457168.5,15.540849685668945,0.039655204862356186,2457165.75,15.225261688232422,0.041213881224393845,2457165.75,17.968791961669922,0.06828545778989792,2457167.25,18.209672927856445,0.0794009193778038,2457165.25,16.73297119140625,0.05437755212187767
SN2013bs,0.027612,0.027491751094297724,0.0245,0.8505826557466644,0.034895820767733024,0.0007234336421987042,0.0009010648499460166,0.12053489685058594,0.04740326413841839,2456406.5,16.821510314941406,0.03294868394732475,2456407.75,16.70097541809082,0.034080106765031815,2456404.75,16.619754791259766,0.03189527243375778,2456405.0,19.385103225708008,0.09271565824747086,2456406.5,19.445966720581055,0.11981852352619171,2456404.25,18.250905990600586,0.056463804095983505
SN2006ej,0.02045,0.019347437955555425,0.0296,0.8596960367261954,0.011630507973897856,-9.334113844479744e-06,0.00019127201918979806,0.044956207275390625,0.03727448984794199,2453976.25,15.867847442626953,0.015410936437547207,2453977.75,15.822891235351562,0.03393951430916786,2453974.75,15.55760669708252,0.03689076751470566,2453975.0,18.75188636779785,0.07892667502164841,2453976.5,18.710920333862305,0.10239117592573166,2453974.25,17.144031524658203,0.04983242601156235
SN2006dm,0.02202,0.02081494977365061,0.0326,0.8292256922860971,0.013588609047649147,0.00013835951314298777,0.000305220864145692,0.07852363586425781,0.026110065566941166,2453929.0,16.245391845703125,0.018773464486002922,2453930.25,16.166868209838867,0.018146419897675514,2453927.5,15.985062599182129,0.018985290080308914,2453927.5,19.016122817993164,0.06222102791070938,2453929.25,19.31053352355957,0.1170303001999855,2453927.0,17.581893920898438,0.029436107724905014
SN2009dc,0.021391,0.02170788526748367,0.0597,1.371878978879728,0.021744191994943887,2.860942383476489e-05,2.1502441382720705e-05,0.03117656707763672,0.060791864620241304,2454947.25,15.348111152648926,0.006290941499173641,2454948.5,15.316934585571289,0.060465484857559204,2454945.75,14.644704818725586,0.051088783890008926,2454945.75,17.673450469970703,0.08906307816505432,2454947.0,17.763164520263672,0.09528840333223343,2454945.0,16.259973526000977,0.06908175349235535
SN2005hk,0.01299,0.01183243278832411,0.0193,0.7867470868896789,0.010632439336257979,8.248198385682797e-05,6.508929900095079e-05,0.2493267059326172,0.05676660420457683,2453684.75,15.88564682006836,0.010133433155715466,2453686.0,15.636320114135742,0.05585481971502304,2453683.25,15.58718204498291,0.0808202251791954,2453683.25,18.52445411682129,0.1618776172399521,2453685.0,18.99079704284668,0.28582051396369934,2453682.75,16.958045959472656,0.11851595342159271
SN2015I,0.0076,0.00812808446922817,0.0573,1.0136455633496055,0.026556137946842185,9.221648466291829e-05,0.00017355982156166058,0.11463451385498047,0.021659858688719853,2457157.25,14.1672945022583,0.013787522912025452,2457158.5,14.05265998840332,0.016704900190234184,2457156.0,13.7438325881958,0.01453916821628809,2457155.75,17.089719772338867,0.030338218435645103,2457157.25,18.43984031677246,0.04809220880270004,2457155.25,15.37121868133545,0.024007339030504227
SN2007cv,0.007562,0.008711140114378757,0.0611,0.7911930388378128,0.015302092039275288,0.0002491458687438564,0.0007014670831109331,0.13505172729492188,0.04122085178972385,2454291.25,15.357369422912598,0.02885311096906662,2454292.5,15.222317695617676,0.029439032077789307,2454289.5,15.099421501159668,0.02957947738468647,2454289.75,18.305444717407227,0.06275290995836258,2454291.5,19.563337326049805,0.13737636804580688,2454289.0,16.680131912231445,0.04398881644010544
SN2014I,0.03,0.030210744037773008,0.0207,0.9400422473351862,0.07259873051442552,0.0009134634480689156,0.0005065287097625302,-0.08832359313964844,0.04641798315630833,2456683.0,16.456296920776367,0.027924487367272377,2456684.5,16.544620513916016,0.03707899898290634,2456681.75,15.874927520751953,0.025956284254789352,2456681.75,19.204988479614258,0.05332858860492706,2456683.0,20.111473083496094,0.08741627633571625,2456681.0,17.64850425720215,0.03900537267327309
SN2007gi,0.00482,0.00525233272646498,0.019,0.845825004802835,0.00972510265002138,7.406392207213028e-05,0.00015950425959104775,0.08905029296875,0.07945178989926992,2454327.25,13.257859230041504,0.013090181164443493,2454328.5,13.168808937072754,0.07836602628231049,2454325.5,13.208685874938965,0.04782846197485924,2454325.75,16.29826545715332,0.07920494675636292,2454327.25,16.97418785095215,0.22805996239185333,2454325.0,14.49833869934082,0.06060706079006195
SN2017fzw,0.0054,0.005794884690193988,0.0369,0.784101878217666,0.027458648120046232,0.0009201676221801079,0.002532703395107435,0.6081686019897461,0.07393914148579168,2457989.0,14.384754180908203,0.05663667619228363,2457990.25,13.776585578918457,0.04753192141652107,2457987.5,14.583908081054688,0.05537731572985649,2457987.5,17.147768020629883,0.10111779719591141,2457989.25,18.956989288330078,0.17380304634571075,2457987.0,15.779991149902344,0.08274143934249878
SN2012ht,0.003559,0.004686956741069095,0.0252,0.9298765388965669,0.009089258376475584,4.7435866004242454e-05,6.272260577273051e-05,0.019269943237304688,0.021087521676872962,2456295.5,13.136675834655762,0.009543534368276596,2456297.0,13.117405891418457,0.01880437508225441,2456294.25,12.913084983825684,0.019660957157611847,2456294.0,15.819466590881348,0.0330207422375679,2456295.75,16.236963272094727,0.040388718247413635,2456293.5,14.289186477661133,0.026970725506544113
SN2010ev,0.009211,0.010230551515530222,0.0892,0.9328724010694713,0.017323512070744694,0.00021993908613697575,0.0004519707207589664,0.3970451354980469,0.03123069945649266,2455385.0,14.974146842956543,0.0233357734978199,2455386.25,14.577101707458496,0.02075568027794361,2455383.75,15.017858505249023,0.025284478440880775,2455383.5,18.284046173095703,0.06327957659959793,2455385.25,19.407129287719727,0.20998509228229523,2455383.0,16.57900047302246,0.03066558577120304
SN2018gv,0.005274,0.006130191190368258,0.0497,1.0898278943524367,0.009714459828100978,4.255333269884975e-05,0.00022035022391385988,0.011427879333496094,0.022043669682893962,2458150.25,12.855443000793457,0.015378637239336967,2458151.0,12.844015121459961,0.01579306460916996,2458148.75,12.288298606872559,0.01806223765015602,2458148.75,15.201214790344238,0.026139035820961,2458150.0,16.097349166870117,0.029891494661569595,2458148.0,13.692012786865234,0.021249854937195778
SN2009an,0.009233,0.00957425406250175,0.0161,0.8161469698730675,0.014932189487450424,0.0001778727523420229,0.0002583877666074793,0.07809162139892578,0.05209539561172564,2454899.0,14.55241870880127,0.017410557717084885,2454900.25,14.474327087402344,0.04909992590546608,2454897.5,14.45256233215332,0.04916762560606003,2454897.75,17.695526123046875,0.07480382919311523,2454899.25,18.7530460357666,0.11126228421926498,2454897.0,16.022075653076172,0.055755943059921265
SN2008hs,0.017369,0.016661116760135788,0.0497,0.7025659276150903,0.019712792515431836,0.0004636561060788233,0.0006418535819964395,0.08105087280273438,0.047896211895310875,2454813.0,16.372644424438477,0.02821188047528267,2454814.25,16.291593551635742,0.038705773651599884,2454811.5,16.195837020874023,0.04118264466524124,2454811.5,19.15988540649414,0.08904927968978882,2454813.25,19.703367233276367,0.19514234364032745,2454811.0,17.738922119140625,0.06767163425683975
iPTF13dge,0.015854,0.015804579435588776,0.0778,1.0266011552604577,0.01180742334137681,7.844392236508114e-05,0.0001991302373628994,0.029470443725585938,0.022826296033670094,2456556.25,15.417827606201172,0.01533256471157074,2456557.25,15.388357162475586,0.016910122707486153,2456555.0,15.175820350646973,0.018042124807834625,2456554.75,18.346227645874023,0.03496855869889259,2456556.0,19.320560455322266,0.06087140738964081,2456554.0,16.723649978637695,0.02354578487575054
SN2009cz,0.021138,0.02199328346370701,0.0221,1.186242915855154,0.016029327370187172,0.00010898799034514928,0.00015752540794926968,0.0258636474609375,0.020027537265280268,2454943.5,15.844802856445312,0.013891519978642464,2454944.75,15.818939208984375,0.014426639303565025,2454942.0,15.65394401550293,0.015664158388972282,2454942.0,19.106571197509766,0.030506681650877,2454943.5,20.613189697265625,0.08981254696846008,2454941.25,17.437625885009766,0.019309908151626587
SN2005ke,0.00488,0.0044863909348491085,0.02,0.4826393426273417,0.014368946513599514,7.67505843057781e-05,8.125933176635521e-05,0.7059717178344727,0.0351322589668882,2453699.5,14.87169361114502,0.011510903015732765,2453701.0,14.165721893310547,0.033192992210388184,2453697.75,15.280017852783203,0.04437525197863579,2453697.75,18.174577713012695,0.09415993839502335,2453689.0,18.714265823364258,0.14657819271087646,2453697.25,16.780488967895508,0.0738379955291748
SN2016coj,0.004483,0.004846517446311215,0.0163,0.9466909008604718,0.016511579760423955,0.0006336331247096207,0.003035804626360176,0.2727794647216797,0.08763398631357573,2457548.0,13.434127807617188,0.06507264077663422,2457549.25,13.161348342895508,0.05869639664888382,2457546.75,13.214712142944336,0.07138434797525406,2457546.5,15.726215362548828,0.02186165750026703,2457548.0,16.3322696685791,0.04586609825491905,2457545.75,14.407171249389648,0.035684335976839066
SN2014at,0.032242,0.03156499915066879,0.0164,0.971562698434288,0.05966837743559368,0.0007126637567418042,0.000376143844958673,-0.08777618408203125,0.039437356974802655,2456774.0,16.47848892211914,0.023318495601415634,2456775.25,16.566265106201172,0.03180491924285889,2456772.75,15.99722671508789,0.02458699606359005,2456772.5,19.035903930664062,0.05330100283026695,2456774.0,20.208412170410156,0.14953844249248505,2456771.75,17.704479217529297,0.03613933548331261
SN2016ekg,0.017,0.01606645820111884,0.0189,1.133208934492052,0.032494457244906336,-5.756240169140104e-05,0.00029313163925313754,-0.07546138763427734,0.030012503600567404,2457608.25,14.993478775024414,0.017823124304413795,2457609.25,15.068940162658691,0.024147186428308487,2457606.75,14.577595710754395,0.024194393306970596,2457606.75,17.64910125732422,0.038924772292375565,2457608.0,18.432476043701172,0.0643446296453476,2457606.0,16.12713623046875,0.038988154381513596
SN2018aoz,0.005801,0.006934007940455501,0.0721,0.9304747463283184,0.01459891504236772,0.00018435182214738885,0.0006366951916429513,0.09573936462402344,0.041092397943621885,2458221.75,12.965699195861816,0.028536004945635796,2458223.25,12.869959831237793,0.029568253085017204,2458220.5,12.34064769744873,0.028764350339770317,2458220.25,14.951924324035645,0.04196050763130188,2458222.0,15.455424308776855,0.049232739955186844,2458219.75,13.488418579101562,0.035423774272203445
LSQ12gdj,0.0303,0.029277978512223343,0.0199,1.2183807442571062,0.014760144613385238,6.872815972168946e-05,2.766790365118357e-05,-0.061862945556640625,0.05708130395004455,2456253.75,15.93603229522705,0.007309216074645519,2456255.0,15.997895240783691,0.056611400097608566,2456252.25,15.188095092773438,0.054559119045734406,2456252.25,18.252958297729492,0.10430248826742172,2456253.5,18.546337127685547,0.10705577582120895,2456251.5,16.864784240722656,0.07474293559789658
SN2018zz,0.013763,0.014592668890109257,0.0624,0.8261250919400557,0.10426340299322595,0.015180216905914909,0.028807414625035423,0.2560272216796875,0.25623055957351243,2458188.75,15.146060943603516,0.20301859080791473,2458190.0,14.890033721923828,0.15632514655590057,2458187.0,14.767656326293945,0.18683364987373352,2458187.25,17.57444953918457,0.07926180958747864,2458189.0,17.828920364379883,0.07561874389648438,2458186.5,16.246170043945312,0.055710237473249435
SN2012fr,0.005457,0.005132729292137302,0.0177,1.1422811092384635,0.012276682967738334,2.4431600258821093e-05,2.0849256208457112e-05,0.02358531951904297,0.023640960033257066,2456243.75,12.018003463745117,0.005197273567318916,2456244.75,11.994418144226074,0.02306259609758854,2456242.25,11.619444847106934,0.030695898458361626,2456242.25,14.915529251098633,0.047459930181503296,2456243.75,15.938138008117676,0.06114970147609711,2456241.5,13.184042930603027,0.03999814763665199
SN2013ag,0.02129,0.022218027967359274,0.0103,0.9647864226624029,0.048702060288800184,0.000491116210913722,0.0006907848524244236,0.065948486328125,0.04220629885384439,2456359.0,16.142166137695312,0.027920957654714584,2456360.25,16.076217651367188,0.0316510945558548,2456357.75,15.94347858428955,0.03248104825615883,2456357.5,19.004793167114258,0.06800854951143265,2456359.0,19.895259857177734,0.1095416396856308,2456356.75,17.687837600708008,0.049294739961624146
SN2009gf,0.018523,0.019313856095324555,0.021,0.6471019697943544,0.02782491212416318,3.352739858032348e-05,0.00016584735540184717,0.11513137817382812,0.03553384156151625,2455002.25,16.178218841552734,0.014466877095401287,2455003.75,16.063087463378906,0.03245555981993675,2455000.75,16.01759910583496,0.03846662864089012,2455000.75,18.940975189208984,0.07520824670791626,2455002.25,19.386682510375977,0.09851286560297012,2455000.25,17.505611419677734,0.053217824548482895
SN2012V,0.010964,0.01044851727265295,0.062,0.8411851680697818,0.02337074619982328,0.0002962371827159882,0.000731736178833097,-0.0056362152099609375,0.03967216137603746,2455961.25,14.975871086120605,0.02849985845386982,2455962.5,14.981507301330566,0.02759779803454876,2455959.5,14.577917098999023,0.029806477949023247,2455959.75,17.7091007232666,0.05055726319551468,2455961.25,18.39234733581543,0.057568516582250595,2455959.0,16.216476440429688,0.03928012028336525
SN2013dy,0.003889,0.0028843205172910235,0.132,1.1994307036474379,0.011306894971446445,6.873969640435155e-05,5.8211063666522536e-05,0.23624324798583984,0.016933973508281578,2456501.25,13.257784843444824,0.00923277996480465,2456502.5,13.021541595458984,0.014195606112480164,2456499.75,12.851858139038086,0.01446352619677782,2456499.75,16.18244743347168,0.05217194929718971,2456501.0,17.608905792236328,0.07711223512887955,2456499.0,14.531597137451172,0.03363655135035515
PTF10icb,0.008606,0.009048937865388008,0.0093,1.017250051846603,0.01593794626594884,6.549689115440203e-05,0.00011556814272382487,0.05684471130371094,0.01743480756818838,2455361.25,14.508381843566895,0.012030997313559055,2455362.5,14.451537132263184,0.012618542648851871,2455360.0,14.103448867797852,0.012502769008278847,2455359.75,17.493980407714844,0.039994578808546066,2455361.25,18.636655807495117,0.0858125388622284,2455359.25,15.755668640136719,0.018977301195263863
SN2017glx,0.011,0.010454690692486493,0.106,1.0764899758453366,0.045972074976314774,0.00014305309764583014,0.0003752933412796402,0.09047603607177734,0.0352687713004844,2458008.0,14.610418319702148,0.01995501108467579,2458009.0,14.519942283630371,0.029080642387270927,2458006.75,13.94169807434082,0.019755391404032707,2458006.5,17.135087966918945,0.05761570483446121,2458008.0,18.058523178100586,0.08755454421043396,2458005.75,15.423453330993652,0.04141637682914734
ASASSN-15so,0.007125,0.007828943158461521,0.0126,0.8967769602873952,0.013371495228892912,0.00012232784553372388,0.00045736455300602295,0.005053520202636719,0.034390159972130956,2457344.5,13.793392181396484,0.02232380397617817,2457345.75,13.788338661193848,0.02615971863269806,2457343.0,13.23265552520752,0.020158663392066956,2457343.0,16.195104598999023,0.04057803377509117,2457344.75,16.74269676208496,0.049361009150743484,2457342.25,14.762168884277344,0.031041570007801056
SN2017fgc,0.008,0.006952485797567156,0.0294,0.9956569681961989,0.016886762628843668,0.00017770591464672463,0.0006238755914474555,0.325042724609375,0.0382660090097067,2457959.5,13.748017311096191,0.026457004249095917,2457960.75,13.422974586486816,0.02764623612165451,2457958.25,13.594581604003906,0.028810841962695122,2457958.0,16.548593521118164,0.0475722961127758,2457959.5,17.937265396118164,0.07158754020929337,2457957.25,14.991299629211426,0.038551609963178635
PS1-14xw,0.02448,0.024575742696755176,0.0656,1.1799353795978864,0.036541702175906174,-5.6375746872027354e-05,0.00019767909213814274,0.009609222412109375,0.023580386668541637,2456785.75,16.105762481689453,0.01472527626901865,2456787.0,16.096153259277344,0.01841740682721138,2456784.25,15.774895668029785,0.01608739048242569,2456784.25,19.111160278320312,0.03719911724328995,2456785.75,20.20166015625,0.07880307734012604,2456783.5,17.474931716918945,0.024889381602406502
SN2012Z,0.007125,0.0066186130794038695,0.0344,0.8529966787489601,0.013295691956190465,7.839562722689743e-05,4.959214728128209e-05,0.25997066497802734,0.07650223469541559,2455967.75,14.736960411071777,0.009619433432817459,2455969.25,14.47698974609375,0.0758950486779213,2455966.25,14.431979179382324,0.08382000029087067,2455966.5,17.39316749572754,0.18859468400478363,2455968.0,17.66290855407715,0.20476210117340088,2455965.75,16.028152465820312,0.12491939216852188
SN2012hr,0.007562,0.00787693147052177,0.0389,1.1778331448693826,0.018027847992841947,-9.923033341572848e-05,0.00020033715145779236,0.040320396423339844,0.019688480672422584,2456289.0,13.809696197509766,0.014222565107047558,2456290.25,13.769375801086426,0.013614511117339134,2456287.5,13.777548789978027,0.016983220353722572,2456287.5,16.98525047302246,0.0271269753575325,2456289.0,18.002744674682617,0.035889338701963425,2456286.75,15.411861419677734,0.022802289575338364
ASASSN-15ti,0.016,0.015398301366433779,0.1277,0.8774694808663923,0.029813027020139802,0.0003572171126598105,0.0006067676336164949,0.1759052276611328,0.037274650386227265,2457364.25,16.2163143157959,0.025871822610497475,2457365.5,16.040409088134766,0.02683371677994728,2457362.75,16.022315979003906,0.029272636398673058,2457362.75,19.034725189208984,0.07065144926309586,2457364.25,19.705974578857422,0.09001468122005463,2457362.0,17.474515914916992,0.038724593818187714
SN2013cs,0.00924,0.010289334997934753,0.0788,0.9655554532687645,0.015444583656072715,0.00020403256706130033,0.00033103598284173826,0.18496036529541016,0.031435730382682395,2456436.75,13.987615585327148,0.021853210404515266,2456438.25,13.802655220031738,0.02259739674627781,2456435.5,13.972237586975098,0.023620735853910446,2456435.5,17.156774520874023,0.050213683396577835,2456436.75,18.210405349731445,0.0870756059885025,2456434.75,15.472622871398926,0.03548726439476013
SN2009Y,0.009353,0.01010981830748419,0.0874,1.0339917380685133,0.021419804254784503,0.0003089117527248801,0.00022232751240831538,0.19026947021484375,0.03896809632758162,2454876.5,14.403949737548828,0.020142925903201103,2454877.5,14.213680267333984,0.03335828334093094,2454875.25,14.307994842529297,0.032181207090616226,2454875.0,17.579498291015625,0.04852232336997986,2454876.25,18.843713760375977,0.11867529153823853,2454874.25,15.89340591430664,0.04164222627878189
ASASSN-14ad,0.026425,0.027460175186907715,0.0159,1.0669105075222378,0.10503826095647463,7.797081035981004e-05,0.0002588033217303607,-0.10106658935546875,0.03412358367200751,2456693.0,16.29662322998047,0.018351923674345016,2456693.75,16.397689819335938,0.02876848727464676,2456691.5,16.06215476989746,0.02599746361374855,2456691.5,19.340290069580078,0.05776458978652954,2456692.75,20.26188087463379,0.22038231790065765,2456690.75,17.717309951782227,0.03058229386806488
SN2018yu,0.008112,0.008196990744585266,0.1306,0.9748985077909477,0.009695377424109159,7.887570442671074e-05,0.0002193548355703068,0.03567314147949219,0.023994940852025668,2458194.5,13.955926895141602,0.01646587811410427,2458195.75,13.92025375366211,0.017453711479902267,2458193.25,13.565958023071289,0.017814261838793755,2458193.0,16.638261795043945,0.03191033750772476,2458194.5,17.8438720703125,0.04838758707046509,2458192.5,15.13269329071045,0.02538863569498062
SN2011dn,0.025272,0.02445046875273651,0.1472,0.9444553732106629,0.03776367070512033,0.0007258322853644251,0.0013386962520853328,0.1789112091064453,0.06059279713814784,2455743.25,16.23831558227539,0.040856972336769104,2455744.75,16.059404373168945,0.04474589228630066,2455742.0,15.683374404907227,0.043290428817272186,2455742.0,19.06600570678711,0.10459423810243607,2455743.25,19.669736862182617,0.14068229496479034,2455741.25,17.290340423583984,0.05965271219611168
SN2016hvl,0.013,0.013436105832969355,0.3766,1.1576661457494442,0.056989284979356854,-0.00034624106417781037,0.001512568654751366,0.5671625137329102,0.058275810143662274,2457709.0,16.02457046508789,0.03919912129640579,2457710.25,15.45740795135498,0.043121907860040665,2457707.75,15.697278022766113,0.05762656033039093,2457707.5,18.73784828186035,0.13716772198677063,2457709.0,19.044315338134766,0.3274131119251251,2457707.0,17.238174438476562,0.07941851019859314
SN2012bl,0.018706,0.018212477014702782,0.0297,1.0922753718982048,0.04188216625056956,6.21174327377769e-05,0.00035403028680741584,0.004015922546386719,0.032112728059906795,2456019.25,15.280291557312012,0.021287381649017334,2456020.0,15.276275634765625,0.024043183773756027,2456017.75,15.008626937866211,0.028176046907901764,2456017.75,18.275957107543945,0.06712417304515839,2456019.0,18.693206787109375,0.07590554654598236,2456017.0,16.62887954711914,0.04125453531742096
SN2011by,0.002843,0.003405017677520901,0.0119,0.982386492057263,0.006510689701875314,3.148147670266003e-05,6.049259596032169e-05,0.05704212188720703,0.016350841602458196,2455690.75,12.942630767822266,0.009113322012126446,2455691.75,12.885588645935059,0.013575617223978043,2455689.5,12.427413940429688,0.011841452680528164,2455689.25,15.705354690551758,0.026380669325590134,2455690.5,16.44994354248047,0.03165475279092789,2455688.5,13.946682929992676,0.021628564223647118
ASASSN-15rq,0.025,0.02413294936915652,0.0114,1.0693221902473335,0.057324949834489033,0.0006603428440863828,0.0010361158116265069,-0.028612136840820312,0.05406270582059036,2457323.25,15.438650131225586,0.03506839647889137,2457324.25,15.467262268066406,0.04114588350057602,2457322.0,14.748797416687012,0.03726732358336449,2457321.75,17.38422393798828,0.06901081651449203,2457323.0,17.59465217590332,0.06828151643276215,2457321.0,16.0239200592041,0.05581161752343178
SN2011aa,0.012355,0.012404434307816384,0.0237,1.4104981974222175,0.04697654355451993,0.00064231304169832,0.0014403182788520006,0.04594993591308594,0.06012395020406906,2455611.0,14.742053985595703,0.04018199443817139,2455612.25,14.696104049682617,0.04472467675805092,2455609.5,14.029232025146484,0.03997835889458656,2455609.5,16.308395385742188,0.06867013871669769,2455611.0,16.056156158447266,0.06337838619947433,2455609.0,15.082777976989746,0.05569474399089813
SN2017cyy,0.0098,0.010428087417147883,0.2156,0.949373228940658,0.011680291101970587,0.00010170401281956315,0.0002679243179384867,0.16707801818847656,0.026579431151128527,2457870.25,14.91663932800293,0.01777483895421028,2457871.75,14.749561309814453,0.01976161077618599,2457869.0,14.655192375183105,0.019735051319003105,2457868.75,17.709369659423828,0.042943816632032394,2457870.25,19.002456665039062,0.0784403532743454,2457868.25,16.191511154174805,0.026850275695323944
SN2011B,0.00467,0.004730474816994872,0.0265,0.9082061126644329,0.00916501630873847,8.263314847543768e-05,0.00028670161940774644,0.0659332275390625,0.023729814360398418,2455583.0,12.871801376342773,0.01807486079633236,2455584.25,12.805868148803711,0.015375418588519096,2455581.5,12.403231620788574,0.018522609025239944,2455581.5,15.669638633728027,0.03439776599407196,2455583.25,16.327363967895508,0.03563260659575462,2455580.75,13.987821578979492,0.026597263291478157
SN2005df,0.00435,0.004351573634087898,0.0258,0.9356156449924246,0.022864220025396176,0.00047822063583954986,-0.0001044544516608973,0.026891708374023438,0.0979417843678969,2453599.5,12.319439888000488,0.026249850168824196,2453600.75,12.292548179626465,0.09435856342315674,2453598.25,12.27347469329834,0.08548260480165482,2453598.0,15.54810619354248,0.06706829369068146,2453599.75,16.895421981811523,0.083987295627594,2453597.25,13.81523609161377,0.047899313271045685
SN2013aa,0.003999,0.004667762118077893,0.1458,1.051152500068055,0.006213705861886781,1.1763331216581686e-05,3.819419090795474e-06,0.04601478576660156,0.006764761204157888,2456343.75,11.6963472366333,0.0028854189440608025,2456344.5,11.6503324508667,0.00611852528527379,2456342.25,11.366933822631836,0.008952595293521881,2456342.25,14.49724006652832,0.012357480823993683,2456343.5,15.421404838562012,0.020159123465418816,2456341.5,12.831146240234375,0.011121224611997604
SN2008hv,0.012549,0.013589103773016411,0.0279,0.8914178482599853,0.011578291028743009,0.00011156275169390168,0.0003454985219548977,-0.03818702697753906,0.030821565698207716,2454817.0,14.858841896057129,0.020238393917679787,2454818.5,14.897028923034668,0.023245995864272118,2454815.75,14.335390090942383,0.020630083978176117,2454815.75,17.54046630859375,0.038513775914907455,2454817.25,18.318845748901367,0.05245421454310417,2454815.0,15.857583999633789,0.029206478968262672
SN2011ay,0.021,0.021245240441535515,0.0694,0.8957201169641658,0.0505354653017598,0.0003018909908625433,0.0015990362723031944,0.49248313903808594,0.06110875840249728,2455646.75,17.140342712402344,0.04338550940155983,2455648.0,16.647859573364258,0.04303461313247681,2455645.25,16.7894287109375,0.052242934703826904,2455645.25,19.708383560180664,0.10636650770902634,2455647.0,19.804399490356445,0.09204675257205963,2455644.5,18.205533981323242,0.07420992851257324
ASASSN-14lp,0.0051,0.0062287578743540845,0.0213,1.1544313930673444,0.010226128535009985,5.264956443324854e-06,5.448504338560134e-05,0.3279304504394531,0.011101194284595531,2457015.75,12.3388032913208,0.007521811872720718,2457016.75,12.010872840881348,0.008164487779140472,2457014.25,12.164205551147461,0.008883476257324219,2457014.25,15.472049713134766,0.022143330425024033,2457015.75,17.142742156982422,0.037411224097013474,2457013.5,13.9066801071167,0.020001469179987907
SN2016bln,0.0235,0.02443209886305074,0.024,1.1676131244112093,0.020125851731892488,-4.7473045155177047e-05,0.0005035273154910309,-0.011104583740234375,0.036607470243515634,2457498.5,15.995576858520508,0.022430110722780228,2457499.5,16.006681442260742,0.028930900618433952,2457497.0,15.317368507385254,0.02886013686656952,2457497.0,18.492515563964844,0.06363160908222198,2457498.25,19.629669189453125,0.1312199831008911,2457496.25,16.893096923828125,0.03757350519299507
SN2012hj,0.024597,0.02533480031150246,0.0095,1.0005437497507625,0.05580227432247763,-9.941306885008349e-05,0.0006031456683476719,-0.0414276123046875,0.04711363780897271,2456278.75,16.48287010192871,0.02547021023929119,2456280.0,16.5242977142334,0.03963537886738777,2456277.5,16.39178466796875,0.03238634392619133,2456277.25,19.599760055541992,0.08341453969478607,2456278.75,20.579084396362305,0.19016513228416443,2456276.75,18.27277183532715,0.05714104324579239
SN2015bp,0.004069,0.004708305480346158,0.0454,0.8528364896072792,0.017086845716401455,0.0002545155329150006,0.0014256013847403198,0.08078384399414062,0.05741589285236078,2457112.25,13.974522590637207,0.039458081126213074,2457113.5,13.893738746643066,0.0417090468108654,2457110.75,13.699220657348633,0.04300345852971077,2457110.75,16.28194808959961,0.06978826224803925,2457112.5,16.63084602355957,0.07189977914094925,2457110.25,14.93411636352539,0.057592593133449554
SN2011fe,0.000804,0.0012081699425119847,0.0077,0.9920300232543,0.002000011433624304,5.062193990942588e-06,4.89562764734628e-05,-0.033911705017089844,0.010225078824487319,2455814.5,10.035299301147461,0.007584919221699238,2455815.75,10.06921100616455,0.00685720331966877,2455813.25,9.660147666931152,0.01522899977862835,2455813.0,12.543913841247559,0.004760488402098417,2455814.5,12.995685577392578,0.0068307905457913876,2455812.5,10.944855690002441,0.005494282115250826
SN2013fw,0.01695,0.015876974253331025,0.0665,0.8975149164489151,0.026653713727473934,0.00010938928486655288,0.00026011536574310973,0.039554595947265625,0.02878869583670199,2456600.75,15.314997673034668,0.017852265387773514,2456602.25,15.275443077087402,0.022585075348615646,2456599.25,14.954766273498535,0.018889933824539185,2456599.25,18.3165225982666,0.056359563022851944,2456601.0,19.049619674682617,0.1385779082775116,2456598.5,16.591777801513672,0.029440106824040413
SN2016fej,0.010914,0.01047061735248315,0.0407,1.0094126693863286,0.01195844395671619,9.78936252255346e-05,0.00029908174916155026,0.03998374938964844,0.02887821180011329,2457637.25,13.89860725402832,0.01909046620130539,2457638.25,13.858623504638672,0.021668069064617157,2457635.75,13.392875671386719,0.021256018429994583,2457635.75,16.399272918701172,0.03673945367336273,2457637.0,17.284921646118164,0.04093711078166962,2457635.0,14.894787788391113,0.029706763103604317
SN2005cf,0.00646,0.00704383460064467,0.0841,0.9623657767823091,0.0050790921551071054,2.020333601666781e-05,9.815569919639151e-06,0.08946037292480469,0.029757273499946134,2453534.0,13.601349830627441,0.005118231754750013,2453535.25,13.511889457702637,0.02931380271911621,2453532.75,13.469803810119629,0.033963751047849655,2453532.5,16.839313507080078,0.061146412044763565,2453534.0,18.508480072021484,0.1576557755470276,2453532.0,15.07046127319336,0.04656326398253441
SN2011ao,0.010706,0.011631518498260832,0.0174,1.185018020484254,0.011757573901897848,8.865624119150474e-05,0.0002119417308278932,-0.02900218963623047,0.023526396215723347,2455640.0,14.371810913085938,0.015889979898929596,2455641.25,14.400813102722168,0.017349347472190857,2455638.5,14.048355102539062,0.016415681689977646,2455638.5,17.573400497436523,0.036844752728939056,2455640.0,18.62793731689453,0.06445159018039703,2455637.75,15.793606758117676,0.022438282147049904
SN2016euj,0.017,0.01632236252151533,0.0166,0.8539026017343468,0.03674917696682917,0.0004674694661861002,0.0006427085133908588,-0.005679130554199219,0.0408213985231992,2457619.0,15.337972640991211,0.02620675042271614,2457620.25,15.34365177154541,0.0312984474003315,2457617.5,14.78803539276123,0.02132684551179409,2457617.5,17.749237060546875,0.15800456702709198,2457619.25,18.098451614379883,0.21892479062080383,2457617.0,16.275026321411133,0.03346145525574684
SN2007on,0.006494,0.0061865636460018926,0.0098,0.6773364747654819,0.016435890321058223,0.0001331559683160372,0.00013430957089637037,0.0584259033203125,0.04932154230753135,2454420.25,13.090814590454102,0.014727805741131306,2454421.5,13.032388687133789,0.04707128927111626,2454418.5,12.852466583251953,0.056387316435575485,2454418.75,15.488378524780273,0.08752016723155975,2454420.25,15.877720832824707,0.08991026878356934,2454418.0,14.092723846435547,0.06751374155282974
SN2013gs,0.016888,0.01754514469973973,0.0161,0.9786503665483292,0.013750193299050516,0.00013586779559628259,0.00027259953172179403,0.10460948944091797,0.027554377954511003,2456640.0,15.528851509094238,0.01854882761836052,2456641.25,15.42424201965332,0.020376082509756088,2456638.75,15.375804901123047,0.02153128571808338,2456638.5,18.67447853088379,0.05906618759036064,2456640.0,19.8426456451416,0.17893680930137634,2456637.75,16.989639282226562,0.030889922752976418
SN2017erp,0.006174,0.006818017545648228,0.0925,0.9854141666239763,0.006856411769630061,2.480855884827082e-05,1.0520517040937545e-05,0.22553348541259766,0.027617419380247647,2457935.0,13.632515907287598,0.0051589529030025005,2457936.0,13.406982421875,0.02713129296898842,2457933.75,13.620129585266113,0.029993146657943726,2457933.5,16.665924072265625,0.05675545334815979,2457934.75,18.607576370239258,0.14144153892993927,2457932.75,15.089544296264648,0.041139401495456696
ASASSN-14fa,0.022589,0.022071295501066825,0.0178,0.8136470934921133,0.02855450964394384,0.00022257080315976738,0.001171378961740538,-0.026226043701171875,0.05065508007775363,2456878.75,16.019996643066406,0.03764163330197334,2456880.0,16.046222686767578,0.033897560089826584,2456877.25,15.477858543395996,0.04659920558333397,2456877.5,18.181472778320312,0.06508252769708633,2456879.0,18.563705444335938,0.06347846984863281,2456876.75,16.8613224029541,0.05534014478325844
SN2013ex,0.010441,0.010585049529523083,0.1263,0.9236150680671033,0.01727297131495309,0.00017452294358748832,0.00040057671117575314,0.0681905746459961,0.031505463885808,2456530.75,14.828516960144043,0.021724412217736244,2456532.0,14.760326385498047,0.02281762845814228,2456529.25,14.458791732788086,0.024703627452254295,2456529.25,17.54067611694336,0.04781416803598404,2456530.75,18.43902015686035,0.06547939032316208,2456528.5,15.999932289123535,0.03357565402984619
SN2014dg,0.004003,0.003712579199980735,0.6155,0.9191095660545584,0.020932386055021276,0.00032078026073439913,0.0007383748079178135,0.6837902069091797,0.044864061535296026,2456924.75,14.594452857971191,0.031223643571138382,2456926.0,13.910662651062012,0.03221596032381058,2456923.25,14.543256759643555,0.0333525650203228,2456923.25,17.899805068969727,0.08899537473917007,2456924.75,19.628639221191406,0.12015459686517715,2456922.5,16.535171508789062,0.07932203263044357
SN2016gxp,0.018,0.017100731436600618,0.1051,1.0931997663096906,0.0468436205628976,0.0004779574981837127,0.0009607256831465642,0.16806697845458984,0.05128301123248285,2457682.75,15.029745101928711,0.033017829060554504,2457683.75,14.861678123474121,0.03923990577459335,2457681.25,14.566372871398926,0.03272245451807976,2457681.25,17.313013076782227,0.0641118586063385,2457682.5,17.608943939208984,0.07640278339385986,2457680.5,16.00050926208496,0.05385452136397362
ASASSN-15ut,0.011471,0.010809568170697854,0.0167,0.557686622886314,0.12318761203985537,0.0007776408620604249,0.004115094017013065,0.5252571105957031,0.10175729590875855,2457389.25,16.856006622314453,0.06518233567476273,2457391.0,16.33074951171875,0.07813968509435654,2457387.75,16.343488693237305,0.08465664833784103,2457387.75,18.54746437072754,0.16880226135253906,2457389.25,18.733484268188477,0.18482571840286255,2457387.25,17.563772201538086,0.17033927142620087
SN2010gn,0.0365,0.03637816344148786,0.0261,0.8890605547585603,0.022204862405991614,0.00031015187607898366,0.00041939039153679345,-0.062450408935546875,0.033061485246997493,2455391.25,16.86261749267578,0.02227126434445381,2455392.5,16.925067901611328,0.024434659630060196,2455389.75,16.698457717895508,0.024911273270845413,2455389.75,19.792028427124023,0.08095231652259827,2455391.5,20.14103126525879,0.18605820834636688,2455389.0,18.283781051635742,0.04060317203402519
SN2013gy,0.014023,0.013568382767186173,0.0485,0.9500067175705154,0.011985266550727219,0.000130027339685426,0.00039577455672731057,0.026081085205078125,0.03278687150026904,2456648.25,14.927339553833008,0.022197041660547256,2456649.5,14.90125846862793,0.02413027733564377,2456646.75,14.689745903015137,0.02469646744430065,2456646.75,17.83138656616211,0.046380266547203064,2456648.0,18.690555572509766,0.06496639549732208,2456646.0,16.29816436767578,0.034078553318977356
SN2016blc,0.012,0.013197687217537842,0.0324,1.0054370676102955,0.014534926873582913,0.00016428942753159468,0.00026089953993377557,-0.13027667999267578,0.030727203212723903,2457489.5,14.58144474029541,0.01978534646332264,2457490.5,14.711721420288086,0.023509595543146133,2457488.25,14.016776084899902,0.022130852565169334,2457488.0,17.17206382751465,0.044321510940790176,2457489.5,18.079923629760742,0.06697668135166168,2457487.25,15.55467414855957,0.03125839680433273
SN2007af,0.005464,0.006293098772021394,0.0338,0.9364712477138355,0.003193594235085137,6.732503842473871e-06,4.950648366201173e-06,0.13945674896240234,0.007070508998703968,2454174.5,13.295713424682617,0.0030287476256489754,2454175.75,13.156256675720215,0.00638895807787776,2454173.0,13.093741416931152,0.012145349755883217,2454173.0,16.357421875,0.017042573541402817,2454174.5,17.028663635253906,0.039263930171728134,2454172.25,14.633491516113281,0.016851410269737244
SN2016ccj,0.041,0.040941067991117665,0.0291,1.516990640181682,0.08154990476005854,0.0019942274278826203,0.0024303199411457675,-0.0076885223388671875,0.08761218228087551,2457520.75,16.907062530517578,0.05455414578318596,2457522.0,16.914751052856445,0.06855464726686478,2457519.25,16.166202545166016,0.06412157416343689,2457519.25,18.411134719848633,0.124486044049263,2457520.5,18.26747703552246,0.10052069276571274,2457518.5,17.297286987304688,0.0828840360045433
SN2012cg,0.001458,0.0025797838186012753,0.0179,1.1299239224055004,0.009632304925909243,1.969473702567286e-05,2.5266363490914592e-05,0.1608142852783203,0.010447598888366662,2456082.0,12.210057258605957,0.005183399189263582,2456083.0,12.049242973327637,0.009071091189980507,2456080.75,11.776473045349121,0.012145932763814926,2456080.5,15.154192924499512,0.032109152525663376,2456082.0,16.344945907592773,0.03730207681655884,2456080.0,13.383051872253418,0.023776844143867493
SN2011ia,0.019,0.019359716545314657,0.0502,0.9727056833129448,0.01671141005919868,7.119751290487282e-05,0.0002379292524166037,-0.12717723846435547,0.024269895955179296,2455891.5,15.157611846923828,0.016676222905516624,2455892.75,15.284789085388184,0.01763324812054634,2455890.25,14.510814666748047,0.01875903829932213,2455890.0,17.6549015045166,0.037611253559589386,2455891.5,18.167461395263672,0.04116952791810036,2455889.25,16.04151153564453,0.025504471734166145
SN2016gsb,0.0097,0.010013230550638108,0.0578,0.8798763876818361,0.03251043334194681,-0.00012964867519069275,0.000186657345865477,0.039910316467285156,0.030615037994856445,2457672.0,14.468826293945312,0.01816677302122116,2457673.25,14.428915977478027,0.024642420932650566,2457670.5,14.5687837600708,0.02965034544467926,2457670.5,17.633323669433594,0.035263121128082275,2457672.25,19.09355926513672,0.0955251008272171,2457669.75,15.962898254394531,0.029085900634527206
SN2015F,0.00489,0.005283759431817065,0.1749,0.9050081366420508,0.011382508311392002,0.0001818585340574238,0.0005486161520174798,0.35286426544189453,0.035745243831631614,2457106.5,13.562973976135254,0.02657512202858925,2457108.0,13.21010971069336,0.023905759677290916,2457105.25,13.299174308776855,0.028347089886665344,2457105.0,16.331708908081055,0.04923116788268089,2457106.75,17.490093231201172,0.07376766204833984,2457104.5,14.816269874572754,0.039387285709381104
SN2007bm,0.006211,0.007444231460547977,0.0354,0.9134073790585219,0.0064667679097716564,7.5631200653944835e-06,4.155576037250927e-05,0.4637489318847656,0.04985111138529335,2454224.75,14.649015426635742,0.005523013416677713,2454226.25,14.185266494750977,0.04954421892762184,2454223.5,14.709598541259766,0.04538370296359062,2454223.5,18.15394401550293,0.10529609769582748,2454225.0,19.815004348754883,0.5928365588188171,2454222.75,16.576393127441406,0.06774294376373291
SN2016gfr,0.014,0.013613092622680855,0.1154,1.1684288002123857,0.04009358048181849,-0.00028910181089789993,0.00037070449293859675,0.14857959747314453,0.0296479788523728,2457657.0,15.319812774658203,0.02043282240629196,2457658.0,15.171233177185059,0.02148260734975338,2457655.5,15.02447509765625,0.029709476977586746,2457655.5,18.28461456298828,0.04327913373708725,2457656.75,19.458843231201172,0.09370039403438568,2457654.75,16.645444869995117,0.030686553567647934
SN2007cq,0.025,0.023802128421077793,0.0922,0.9837278378755024,0.00904170076775879,3.7070251878358844e-05,2.054061788514867e-05,0.13747215270996094,0.020460824883826882,2454280.5,16.28493309020996,0.005463696084916592,2454281.75,16.1474609375,0.01971784420311451,2454279.25,16.05869483947754,0.02045263722538948,2454279.0,18.751474380493164,0.05028991401195526,2454280.5,18.83049201965332,0.06314172595739365,2454278.25,17.519685745239258,0.03102859854698181
SN2018xx,0.00999,0.010938931453682944,0.092,0.8997244635871393,0.009476486265085682,5.4527986693130834e-05,0.0002908997964222336,0.14032840728759766,0.02772054354251712,2458184.25,14.578715324401855,0.017564335837960243,2458185.75,14.438386917114258,0.021445807069540024,2458183.0,14.180269241333008,0.01823408342897892,2458183.0,17.153427124023438,0.036947522312402725,2458184.5,18.19329833984375,0.0571032278239727,2458182.25,15.614801406860352,0.026735574007034302
SN2008Q,0.007935,0.006897475957803203,0.0716,0.8715514431170988,0.015568979213270107,0.00011755731555778961,0.0001263353851154142,0.08991336822509766,0.03741384335158984,2454505.75,13.794489860534668,0.012659009546041489,2454507.0,13.70457649230957,0.035207174718379974,2454504.25,13.319663047790527,0.033204492181539536,2454504.25,16.369770050048828,0.055367592722177505,2454506.0,16.844934463500977,0.06729273498058319,2454503.75,14.734015464782715,0.044149477034807205
SN2008A,0.016428,0.015536994239549028,0.0427,0.8504364466162027,0.019670934564416424,7.368652899066209e-05,0.0001111402843763192,0.24035072326660156,0.043555606179389895,2454478.25,16.393470764160156,0.0110464571043849,2454479.5,16.153120040893555,0.042131539434194565,2454476.5,16.275999069213867,0.045640427619218826,2454476.75,19.332656860351562,0.09965814650058746,2454478.25,19.649677276611328,0.1735421121120453,2454476.0,17.980361938476562,0.0734797865152359
