sname,zhel,zcmb,EBVmw,st,e_st,covM_st,covBV_M,BV,e_BV,B_Tmax,B_Mmax,B_eMmax,V_Tmax,V_Mmax,V_eMmax,u_Tmax,u_Mmax,u_eMmax,UVW2_Tmax,UVW2_Mmax,UVW2_eMmax,UVM2_Tmax,UVM2_Mmax,UVM2_eMmax,UVW1_Tmax,UVW1_Mmax,UVW1_eMmax
SN2009ig,0.00877,0.00801012477773289,0.0269,1.145747291110060,0.011446673522781100,2.96453761918211E-05,5.45839729052266E-05,0.1217193603515630,0.021421292781986000,2455080.75,13.547062873840300,0.007378792390227320,2455081.75,13.42534351348880,0.020110325887799300,2455079.25,13.187507629394500,0.019097547978162800,2455079.25,16.535686492919900,0.028923502191901200,2455080.5,17.421119689941400,0.04723769426345830,2455078.5,14.763296127319300,0.027451150119304700
SN2015ar,0.017005,0.016016429583971600,0.0578,0.8385860416387280,0.023776089641148400,0.0004393847236930540,0.001092758444025260,0.032657623291015600,0.048649415272501700,2457351.0,15.310576438903800,0.03536277636885640,2457352.25,15.277918815612800,0.033410172909498200,2457349.25,14.833320617675800,0.03678397834301000,2457349.5,17.538549423217800,0.05833344906568530,2457351.25,18.084674835205100,0.06494013965129850,2457348.75,16.18180274963380,0.04685387760400770
SN2017cbv,0.003999,0.0046684298729018800,0.1452,1.297489569719330,0.01384168463013080,0.0001788034604788910,0.0004648843036333400,0.18921470642089800,0.03279345402155750,2457840.25,11.852338790893600,0.024428559467196500,2457841.5,11.663124084472700,0.021878210827708200,2457838.75,11.544989585876500,0.029585829004645300,2457838.75,14.795973777771000,0.044500064104795500,2457840.25,16.0606689453125,0.05108130723237990,2457838.25,13.118782997131300,0.033111266791820500
SN2011fs,0.020914,0.01985652488459460,0.1011,1.1831327297912700,0.05914622114999820,0.0005251489472535140,0.00035761057624170100,0.03989601135253910,0.029329471537888700,2455833.0,15.658660888671900,0.02087492123246190,2455834.25,15.618764877319300,0.02060231938958170,2455831.5,15.313236236572300,0.026994548738002800,2455831.5,18.842275619506800,0.04772404208779340,2455833.0,20.068012237548800,0.08071330934762960,2455830.75,17.181514739990200,0.03503536805510520
ASASSN-14eu,0.022722,0.023396580368680000,0.1316,1.134320966674020,0.10300168248517200,0.00010014213049981300,0.0003070609832446010,0.17140865325927700,0.027021175968052500,2456879.5,16.10020637512210,0.01774568296968940,2456880.5,15.928797721862800,0.020377308130264300,2456878.0,16.295555114746100,0.021539438515901600,2456878.0,19.266563415527300,0.04397859051823620,2456879.25,19.923349380493200,0.05862748250365260,2456877.25,18.00499725341800,0.036621980369091000
SN2013dh,0.013356,0.013837282989684900,0.033,0.7276328624482590,0.059048022603724600,0.0024219346327129300,0.002305615272889130,-0.010074615478515600,0.13318945390996000,2456464.0,17.53019905090330,0.048537373542785600,2456465.25,17.540273666381800,0.1240304559469220,2456462.25,16.621538162231400,0.05306071415543560,2456462.5,18.515256881713900,0.164553701877594,2456464.25,18.388216018676800,0.23903129994869200,2456461.75,17.834518432617200,0.11057846993207900
SN2011de,0.029187,0.02922216059593810,0.0256,1.0673399000063900,0.07106613078682230,0.0012076959247852600,0.0023873857111850400,-0.028634071350097700,0.07922806426487590,2455714.0,15.752084732055700,0.05421360209584240,2455714.75,15.780718803405800,0.05777518078684810,2455712.5,14.90053653717040,0.0592443123459816,2455712.5,17.38276481628420,0.10625065118074400,2455713.75,17.26180648803710,0.09762567281723020,2455711.75,16.102846145629900,0.09311175346374510
SN2012da,0.018012,0.01890792931969360,0.0089,1.2591546843790000,0.12044430078638600,-0.0014312797925862000,0.00044313130082206200,-0.0981130599975586,0.04030013660824390,2456109.25,15.654471397399900,0.026826972141861900,2456110.5,15.752584457397500,0.030073486268520400,2456108.0,15.262434959411600,0.029558610171079600,2456107.75,18.68678092956540,0.05418404936790470,2456109.25,19.6048526763916,0.10093474388122600,2456107.25,16.994176864624000,0.0388224758207798
iPTF14bdn,0.01588,0.016647538782951500,0.0096,1.3193131457058900,0.017241085608539100,0.00014352386992337900,0.00031550505477469300,-0.05776405334472660,0.030899347090725900,2456821.5,14.842644691467300,0.019793983548879600,2456822.75,14.900408744812000,0.023726943880319600,2456820.0,14.386460304260300,0.0203712061047554,2456820.0,17.718963623046900,0.03988717868924140,2456821.5,18.544660568237300,0.07280897349119190,2456819.5,16.11602210998540,0.026428937911987300
SN2012dn,0.010187,0.009456292644659090,0.0519,1.129916776118680,0.05645524246740330,6.21923189252127E-05,0.0021637351103699600,0.10410213470459000,0.07425645741220790,2456131.0,14.391898155212400,0.046726372092962300,2456131.75,14.287796020507800,0.05771193653345110,2456129.5,13.637206077575700,0.048199668526649500,2456129.25,16.17433738708500,0.09768608212471010,2456130.75,16.214921951293900,0.0999235287308693,2456128.75,14.83395004272460,0.0747809186577797
SN2010Y,0.01086,0.011224351121005900,0.0117,0.753562394700233,0.022217138401582700,0.00037750084464238700,0.0005165828189723580,-0.059345245361328100,0.09708265045422420,2455247.75,15.13790512084960,0.02726593054831030,2455249.0,15.197250366210900,0.09317515790462490,2455246.25,14.651204109191900,0.07310521602630620,2455246.5,17.319047927856400,0.13025087118148800,2455248.0,17.456018447876000,0.15411041676998100,2455245.75,15.942232131958000,0.09814461320638660
SN2013E,0.009413,0.010462802949383400,0.0843,1.1939515673684500,0.030020098162096700,-0.00010897145880358500,0.0003353842699535640,0.12307929992675800,0.028575404688206700,2456309.0,14.119343757629400,0.018397999927401500,2456310.0,13.996264457702600,0.0218647513538599,2456307.5,13.870283126831100,0.024030635133385700,2456307.25,17.28946304321290,0.04234924912452700,2456308.75,18.414684295654300,0.05581124126911160,2456306.75,15.626106262207000,0.03442175313830380
SN2013gh,0.0088,0.007740807639436220,0.0245,0.9715771213457930,0.025099700167585500,0.00020736137807533800,0.0003020795062771850,0.18852806091308600,0.0338939014928915,2456528.25,14.433388710022000,0.020032091066241300,2456529.5,14.244860649108900,0.027340663596987700,2456527.0,14.411372184753400,0.020747246220707900,2456526.75,17.523271560668900,0.039198946207761800,2456528.25,18.58342170715330,0.0640101432800293,2456526.0,16.06503677368160,0.03102731704711910
SN2015M,0.0231,0.023994290423354100,0.0088,1.2460381452168900,0.0512362173681485,0.0007189095062401210,0.0009990508479872870,0.017951011657714800,0.05238253176976430,2457167.25,15.55880069732670,0.03422563895583150,2457168.5,15.540849685668900,0.039655204862356200,2457165.75,15.225261688232400,0.041213881224393800,2457165.75,17.968791961669900,0.06828545778989790,2457167.25,18.209672927856400,0.0794009193778038,2457165.25,16.73297119140630,0.05437755212187770
SN2013bs,0.027612,0.027491751094297700,0.0245,0.8505826557466640,0.034895820767733000,0.0007234336421987040,0.0009010648499460170,0.12053489685058600,0.04740326413841840,2456406.5,16.821510314941400,0.03294868394732480,2456407.75,16.70097541809080,0.034080106765031800,2456404.75,16.619754791259800,0.03189527243375780,2456405.0,19.385103225708000,0.09271565824747090,2456406.5,19.445966720581100,0.11981852352619200,2456404.25,18.250905990600600,0.056463804095983500
SN2006ej,0.02045,0.019347437955555400,0.0296,0.8596960367261950,0.011630507973897900,-9.33411384447974E-06,0.00019127201918979800,0.044956207275390600,0.03727448984794200,2453976.25,15.867847442627000,0.015410936437547200,2453977.75,15.822891235351600,0.03393951430916790,2453974.75,15.55760669708250,0.03689076751470570,2453975.0,18.75188636779790,0.07892667502164840,2453976.5,18.710920333862300,0.10239117592573200,2453974.25,17.144031524658200,0.04983242601156240
SN2006dm,0.02202,0.02081494977365060,0.0326,0.8292256922860970,0.013588609047649100,0.00013835951314298800,0.000305220864145692,0.07852363586425780,0.026110065566941200,2453929.0,16.245391845703100,0.018773464486002900,2453930.25,16.166868209838900,0.018146419897675500,2453927.5,15.985062599182100,0.018985290080308900,2453927.5,19.016122817993200,0.06222102791070940,2453929.25,19.31053352355960,0.1170303001999860,2453927.0,17.581893920898400,0.029436107724905000
SN2009dc,0.021391,0.02170788526748370,0.0597,1.371878978879730,0.021744191994943900,2.86094238347649E-05,2.15024413827207E-05,0.03117656707763670,0.060791864620241300,2454947.25,15.348111152648900,0.006290941499173640,2454948.5,15.316934585571300,0.060465484857559200,2454945.75,14.644704818725600,0.051088783890008900,2454945.75,17.673450469970700,0.08906307816505430,2454947.0,17.763164520263700,0.09528840333223340,2454945.0,16.259973526001000,0.06908175349235540
SN2005hk,0.01299,0.01183243278832410,0.0193,0.7867470868896790,0.010632439336258000,8.2481983856828E-05,6.50892990009508E-05,0.2493267059326170,0.05676660420457680,2453684.75,15.88564682006840,0.010133433155715500,2453686.0,15.636320114135700,0.05585481971502300,2453683.25,15.58718204498290,0.0808202251791954,2453683.25,18.52445411682130,0.1618776172399520,2453685.0,18.99079704284670,0.28582051396369900,2453682.75,16.958045959472700,0.11851595342159300
SN2015I,0.0076,0.00812808446922817,0.0573,1.0136455633496100,0.026556137946842200,9.22164846629183E-05,0.00017355982156166100,0.11463451385498000,0.021659858688719900,2457157.25,14.1672945022583,0.013787522912025500,2457158.5,14.05265998840330,0.016704900190234200,2457156.0,13.7438325881958,0.01453916821628810,2457155.75,17.089719772338900,0.030338218435645100,2457157.25,18.43984031677250,0.04809220880270000,2457155.25,15.37121868133550,0.024007339030504200
SN2007cv,0.007562,0.008711140114378760,0.0611,0.7911930388378130,0.015302092039275300,0.0002491458687438560,0.0007014670831109330,0.13505172729492200,0.04122085178972390,2454291.25,15.357369422912600,0.02885311096906660,2454292.5,15.222317695617700,0.029439032077789300,2454289.5,15.099421501159700,0.02957947738468650,2454289.75,18.305444717407200,0.06275290995836260,2454291.5,19.563337326049800,0.13737636804580700,2454289.0,16.680131912231400,0.04398881644010540
SN2014I,0.03,0.030210744037773000,0.0207,0.9400422473351860,0.07259873051442550,0.0009134634480689160,0.0005065287097625300,-0.08832359313964840,0.04641798315630830,2456683.0,16.456296920776400,0.027924487367272400,2456684.5,16.544620513916000,0.03707899898290630,2456681.75,15.874927520752000,0.025956284254789400,2456681.75,19.204988479614300,0.05332858860492710,2456683.0,20.111473083496100,0.08741627633571630,2456681.0,17.64850425720220,0.03900537267327310
SN2007gi,0.00482,0.00525233272646498,0.019,0.845825004802835,0.00972510265002138,7.40639220721303E-05,0.00015950425959104800,0.08905029296875,0.07945178989926990,2454327.25,13.257859230041500,0.013090181164443500,2454328.5,13.168808937072800,0.07836602628231050,2454325.5,13.208685874939000,0.04782846197485920,2454325.75,16.29826545715330,0.07920494675636290,2454327.25,16.97418785095220,0.22805996239185300,2454325.0,14.49833869934080,0.06060706079006200
SN2017fzw,0.0054,0.005794884690193990,0.0369,0.784101878217666,0.027458648120046200,0.0009201676221801080,0.002532703395107440,0.6081686019897460,0.07393914148579170,2457989.0,14.384754180908200,0.05663667619228360,2457990.25,13.776585578918500,0.04753192141652110,2457987.5,14.583908081054700,0.05537731572985650,2457987.5,17.147768020629900,0.10111779719591100,2457989.25,18.956989288330100,0.17380304634571100,2457987.0,15.779991149902300,0.08274143934249880
SN2012ht,0.003559,0.004686956741069100,0.0252,0.9298765388965670,0.009089258376475580,4.74358660042425E-05,6.27226057727305E-05,0.019269943237304700,0.021087521676873000,2456295.5,13.136675834655800,0.009543534368276600,2456297.0,13.117405891418500,0.01880437508225440,2456294.25,12.913084983825700,0.019660957157611800,2456294.0,15.819466590881300,0.0330207422375679,2456295.75,16.236963272094700,0.040388718247413600,2456293.5,14.289186477661100,0.026970725506544100
SN2010ev,0.009211,0.010230551515530200,0.0892,0.9328724010694710,0.017323512070744700,0.00021993908613697600,0.0004519707207589660,0.3970451354980470,0.03123069945649270,2455385.0,14.974146842956500,0.0233357734978199,2455386.25,14.577101707458500,0.02075568027794360,2455383.75,15.017858505249000,0.025284478440880800,2455383.5,18.284046173095700,0.06327957659959790,2455385.25,19.407129287719700,0.20998509228229500,2455383.0,16.57900047302250,0.03066558577120300
SN2018gv,0.005274,0.006130191190368260,0.0497,1.0898278943524400,0.009714459828100980,4.25533326988498E-05,0.00022035022391386000,0.011427879333496100,0.022043669682894000,2458150.25,12.855443000793500,0.015378637239337000,2458151.0,12.844015121460000,0.01579306460917000,2458148.75,12.288298606872600,0.01806223765015600,2458148.75,15.201214790344200,0.026139035820961,2458150.0,16.097349166870100,0.029891494661569600,2458148.0,13.692012786865200,0.021249854937195800
SN2009an,0.009233,0.00957425406250175,0.0161,0.8161469698730680,0.014932189487450400,0.0001778727523420230,0.0002583877666074790,0.07809162139892580,0.05209539561172560,2454899.0,14.55241870880130,0.017410557717084900,2454900.25,14.474327087402300,0.04909992590546610,2454897.5,14.45256233215330,0.04916762560606000,2454897.75,17.695526123046900,0.07480382919311520,2454899.25,18.7530460357666,0.11126228421926500,2454897.0,16.022075653076200,0.055755943059921300
SN2008hs,0.017369,0.016661116760135800,0.0497,0.7025659276150900,0.019712792515431800,0.0004636561060788230,0.0006418535819964400,0.08105087280273440,0.047896211895310900,2454813.0,16.372644424438500,0.02821188047528270,2454814.25,16.291593551635700,0.038705773651599900,2454811.5,16.195837020874000,0.04118264466524120,2454811.5,19.15988540649410,0.08904927968978880,2454813.25,19.703367233276400,0.19514234364032700,2454811.0,17.738922119140600,0.06767163425683980
iPTF13dge,0.015854,0.015804579435588800,0.0778,1.0266011552604600,0.01180742334137680,7.84439223650811E-05,0.0001991302373628990,0.029470443725585900,0.022826296033670100,2456556.25,15.417827606201200,0.01533256471157070,2456557.25,15.388357162475600,0.016910122707486200,2456555.0,15.175820350647000,0.018042124807834600,2456554.75,18.346227645874000,0.03496855869889260,2456556.0,19.320560455322300,0.06087140738964080,2456554.0,16.723649978637700,0.02354578487575050
SN2009cz,0.021138,0.02199328346370700,0.0221,1.186242915855150,0.016029327370187200,0.00010898799034514900,0.00015752540794927000,0.0258636474609375,0.020027537265280300,2454943.5,15.844802856445300,0.013891519978642500,2454944.75,15.818939208984400,0.014426639303565000,2454942.0,15.65394401550290,0.015664158388972300,2454942.0,19.106571197509800,0.030506681650877,2454943.5,20.613189697265600,0.08981254696846010,2454941.25,17.437625885009800,0.019309908151626600
SN2005ke,0.00488,0.0044863909348491100,0.02,0.4826393426273420,0.014368946513599500,7.67505843057781E-05,8.12593317663552E-05,0.7059717178344730,0.0351322589668882,2453699.5,14.87169361114500,0.011510903015732800,2453701.0,14.165721893310500,0.033192992210388200,2453697.75,15.280017852783200,0.04437525197863580,2453697.75,18.174577713012700,0.09415993839502340,2453689.0,18.714265823364300,0.14657819271087600,2453697.25,16.780488967895500,0.0738379955291748
SN2016coj,0.004483,0.004846517446311220,0.0163,0.9466909008604720,0.016511579760424000,0.0006336331247096210,0.003035804626360180,0.2727794647216800,0.08763398631357570,2457548.0,13.434127807617200,0.06507264077663420,2457549.25,13.161348342895500,0.05869639664888380,2457546.75,13.214712142944300,0.07138434797525410,2457546.5,15.726215362548800,0.02186165750026700,2457548.0,16.3322696685791,0.04586609825491910,2457545.75,14.407171249389600,0.035684335976839100
SN2014at,0.032242,0.03156499915066880,0.0164,0.971562698434288,0.05966837743559370,0.0007126637567418040,0.000376143844958673,-0.08777618408203130,0.039437356974802700,2456774.0,16.47848892211910,0.023318495601415600,2456775.25,16.566265106201200,0.03180491924285890,2456772.75,15.99722671508790,0.02458699606359010,2456772.5,19.035903930664100,0.05330100283026700,2456774.0,20.208412170410200,0.14953844249248500,2456771.75,17.704479217529300,0.03613933548331260
SN2016ekg,0.017,0.01606645820111880,0.0189,1.133208934492050,0.032494457244906300,-5.7562401691401E-05,0.00029313163925313800,-0.07546138763427730,0.030012503600567400,2457608.25,14.993478775024400,0.017823124304413800,2457609.25,15.068940162658700,0.024147186428308500,2457606.75,14.577595710754400,0.024194393306970600,2457606.75,17.64910125732420,0.038924772292375600,2457608.0,18.432476043701200,0.0643446296453476,2457606.0,16.12713623046880,0.038988154381513600
SN2018aoz,0.005801,0.006934007940455500,0.0721,0.9304747463283180,0.01459891504236770,0.00018435182214738900,0.0006366951916429510,0.09573936462402340,0.041092397943621900,2458221.75,12.965699195861800,0.028536004945635800,2458223.25,12.869959831237800,0.029568253085017200,2458220.5,12.34064769744870,0.028764350339770300,2458220.25,14.951924324035600,0.04196050763130190,2458222.0,15.455424308776900,0.049232739955186800,2458219.75,13.488418579101600,0.035423774272203400
LSQ12gdj,0.0303,0.029277978512223300,0.0199,1.2183807442571100,0.014760144613385200,6.87281597216895E-05,2.76679036511836E-05,-0.061862945556640600,0.05708130395004460,2456253.75,15.93603229522710,0.007309216074645520,2456255.0,15.997895240783700,0.056611400097608600,2456252.25,15.188095092773400,0.054559119045734400,2456252.25,18.252958297729500,0.10430248826742200,2456253.5,18.546337127685500,0.10705577582120900,2456251.5,16.864784240722700,0.07474293559789660
SN2018zz,0.013763,0.014592668890109300,0.0624,0.8261250919400560,0.10426340299322600,0.015180216905914900,0.028807414625035400,0.2560272216796880,0.25623055957351200,2458188.75,15.146060943603500,0.20301859080791500,2458190.0,14.890033721923800,0.15632514655590100,2458187.0,14.767656326293900,0.18683364987373400,2458187.25,17.57444953918460,0.07926180958747860,2458189.0,17.828920364379900,0.07561874389648440,2458186.5,16.246170043945300,0.055710237473249400
SN2012fr,0.005457,0.005132729292137300,0.0177,1.1422811092384600,0.012276682967738300,2.44316002588211E-05,2.08492562084571E-05,0.02358531951904300,0.023640960033257100,2456243.75,12.018003463745100,0.005197273567318920,2456244.75,11.994418144226100,0.02306259609758850,2456242.25,11.619444847106900,0.030695898458361600,2456242.25,14.915529251098600,0.047459930181503300,2456243.75,15.938138008117700,0.06114970147609710,2456241.5,13.184042930603000,0.03999814763665200
SN2013ag,0.02129,0.022218027967359300,0.0103,0.9647864226624030,0.048702060288800200,0.000491116210913722,0.0006907848524244240,0.065948486328125,0.04220629885384440,2456359.0,16.142166137695300,0.027920957654714600,2456360.25,16.076217651367200,0.0316510945558548,2456357.75,15.94347858428960,0.03248104825615880,2456357.5,19.004793167114300,0.06800854951143270,2456359.0,19.895259857177700,0.1095416396856310,2456356.75,17.687837600708000,0.049294739961624100
SN2009gf,0.018523,0.019313856095324600,0.021,0.6471019697943540,0.02782491212416320,3.35273985803235E-05,0.00016584735540184700,0.11513137817382800,0.03553384156151630,2455002.25,16.178218841552700,0.014466877095401300,2455003.75,16.063087463378900,0.03245555981993680,2455000.75,16.01759910583500,0.03846662864089010,2455000.75,18.940975189209000,0.07520824670791630,2455002.25,19.386682510376000,0.09851286560297010,2455000.25,17.505611419677700,0.053217824548482900
SN2012V,0.010964,0.01044851727265300,0.062,0.8411851680697820,0.02337074619982330,0.0002962371827159880,0.000731736178833097,-0.0056362152099609400,0.03967216137603750,2455961.25,14.975871086120600,0.02849985845386980,2455962.5,14.981507301330600,0.02759779803454880,2455959.5,14.577917098999000,0.029806477949023200,2455959.75,17.7091007232666,0.05055726319551470,2455961.25,18.39234733581540,0.057568516582250600,2455959.0,16.216476440429700,0.03928012028336530
SN2013dy,0.003889,0.0028843205172910200,0.132,1.1994307036474400,0.011306894971446400,6.87396964043516E-05,5.82110636665225E-05,0.23624324798584000,0.016933973508281600,2456501.25,13.257784843444800,0.00923277996480465,2456502.5,13.021541595459000,0.014195606112480200,2456499.75,12.851858139038100,0.01446352619677780,2456499.75,16.18244743347170,0.05217194929718970,2456501.0,17.608905792236300,0.07711223512887960,2456499.0,14.531597137451200,0.03363655135035520
PTF10icb,0.008606,0.009048937865388010,0.0093,1.017250051846600,0.01593794626594880,6.5496891154402E-05,0.00011556814272382500,0.05684471130371090,0.01743480756818840,2455361.25,14.508381843566900,0.012030997313559100,2455362.5,14.451537132263200,0.012618542648851900,2455360.0,14.103448867797900,0.012502769008278800,2455359.75,17.493980407714800,0.039994578808546100,2455361.25,18.636655807495100,0.0858125388622284,2455359.25,15.755668640136700,0.018977301195263900
SN2017glx,0.011,0.010454690692486500,0.106,1.0764899758453400,0.045972074976314800,0.00014305309764583000,0.0003752933412796400,0.09047603607177730,0.0352687713004844,2458008.0,14.610418319702100,0.01995501108467580,2458009.0,14.519942283630400,0.029080642387270900,2458006.75,13.94169807434080,0.019755391404032700,2458006.5,17.135087966918900,0.05761570483446120,2458008.0,18.058523178100600,0.08755454421043400,2458005.75,15.423453330993700,0.04141637682914730
ASASSN-15so,0.007125,0.007828943158461520,0.0126,0.8967769602873950,0.013371495228892900,0.00012232784553372400,0.00045736455300602300,0.005053520202636720,0.034390159972131000,2457344.5,13.793392181396500,0.02232380397617820,2457345.75,13.788338661193800,0.02615971863269810,2457343.0,13.23265552520750,0.020158663392067000,2457343.0,16.195104598999000,0.04057803377509120,2457344.75,16.74269676208500,0.049361009150743500,2457342.25,14.762168884277300,0.031041570007801100
SN2017fgc,0.008,0.006952485797567160,0.0294,0.9956569681961990,0.016886762628843700,0.00017770591464672500,0.0006238755914474560,0.325042724609375,0.0382660090097067,2457959.5,13.748017311096200,0.026457004249095900,2457960.75,13.422974586486800,0.02764623612165450,2457958.25,13.594581604003900,0.028810841962695100,2457958.0,16.548593521118200,0.0475722961127758,2457959.5,17.937265396118200,0.07158754020929340,2457957.25,14.991299629211400,0.038551609963178600
PS1-14xw,0.02448,0.024575742696755200,0.0656,1.1799353795978900,0.036541702175906200,-5.63757468720274E-05,0.00019767909213814300,0.009609222412109380,0.023580386668541600,2456785.75,16.105762481689500,0.01472527626901870,2456787.0,16.096153259277300,0.01841740682721140,2456784.25,15.774895668029800,0.01608739048242570,2456784.25,19.111160278320300,0.03719911724329000,2456785.75,20.20166015625,0.07880307734012600,2456783.5,17.474931716918900,0.024889381602406500
SN2012Z,0.007125,0.0066186130794038700,0.0344,0.8529966787489600,0.013295691956190500,7.83956272268974E-05,4.95921472812821E-05,0.25997066497802700,0.07650223469541560,2455967.75,14.736960411071800,0.009619433432817460,2455969.25,14.47698974609380,0.0758950486779213,2455966.25,14.431979179382300,0.08382000029087070,2455966.5,17.39316749572750,0.18859468400478400,2455968.0,17.66290855407720,0.20476210117340100,2455965.75,16.028152465820300,0.12491939216852200
SN2012hr,0.007562,0.00787693147052177,0.0389,1.1778331448693800,0.018027847992841900,-9.92303334157285E-05,0.00020033715145779200,0.040320396423339800,0.019688480672422600,2456289.0,13.809696197509800,0.014222565107047600,2456290.25,13.769375801086400,0.013614511117339100,2456287.5,13.777548789978000,0.016983220353722600,2456287.5,16.98525047302250,0.0271269753575325,2456289.0,18.002744674682600,0.035889338701963400,2456286.75,15.411861419677700,0.022802289575338400
ASASSN-15ti,0.016,0.015398301366433800,0.1277,0.8774694808663920,0.029813027020139800,0.0003572171126598110,0.0006067676336164950,0.1759052276611330,0.037274650386227300,2457364.25,16.2163143157959,0.025871822610497500,2457365.5,16.040409088134800,0.02683371677994730,2457362.75,16.022315979003900,0.029272636398673100,2457362.75,19.034725189209000,0.07065144926309590,2457364.25,19.705974578857400,0.09001468122005460,2457362.0,17.474515914917000,0.038724593818187700
SN2013cs,0.00924,0.010289334997934800,0.0788,0.9655554532687650,0.015444583656072700,0.00020403256706130000,0.00033103598284173800,0.18496036529541000,0.031435730382682400,2456436.75,13.987615585327100,0.021853210404515300,2456438.25,13.802655220031700,0.02259739674627780,2456435.5,13.972237586975100,0.023620735853910400,2456435.5,17.156774520874000,0.050213683396577800,2456436.75,18.210405349731400,0.0870756059885025,2456434.75,15.472622871398900,0.03548726439476010
SN2009Y,0.009353,0.01010981830748420,0.0874,1.0339917380685100,0.021419804254784500,0.0003089117527248800,0.00022232751240831500,0.19026947021484400,0.03896809632758160,2454876.5,14.403949737548800,0.020142925903201100,2454877.5,14.213680267334000,0.03335828334093090,2454875.25,14.307994842529300,0.032181207090616200,2454875.0,17.579498291015600,0.04852232336997990,2454876.25,18.843713760376000,0.11867529153823900,2454874.25,15.89340591430660,0.04164222627878190
ASASSN-14ad,0.026425,0.027460175186907700,0.0159,1.0669105075222400,0.10503826095647500,7.797081035981E-05,0.0002588033217303610,-0.10106658935546900,0.03412358367200750,2456693.0,16.29662322998050,0.018351923674345000,2456693.75,16.397689819335900,0.02876848727464680,2456691.5,16.06215476989750,0.02599746361374860,2456691.5,19.340290069580100,0.05776458978652950,2456692.75,20.26188087463380,0.22038231790065800,2456690.75,17.717309951782200,0.03058229386806490
SN2018yu,0.008112,0.008196990744585270,0.1306,0.9748985077909480,0.009695377424109160,7.88757044267107E-05,0.0002193548355703070,0.03567314147949220,0.023994940852025700,2458194.5,13.955926895141600,0.01646587811410430,2458195.75,13.92025375366210,0.017453711479902300,2458193.25,13.565958023071300,0.017814261838793800,2458193.0,16.638261795043900,0.03191033750772480,2458194.5,17.8438720703125,0.04838758707046510,2458192.5,15.13269329071050,0.02538863569498060
SN2011dn,0.025272,0.02445046875273650,0.1472,0.9444553732106630,0.03776367070512030,0.0007258322853644250,0.0013386962520853300,0.1789112091064450,0.06059279713814780,2455743.25,16.23831558227540,0.040856972336769100,2455744.75,16.059404373168900,0.04474589228630070,2455742.0,15.683374404907200,0.043290428817272200,2455742.0,19.06600570678710,0.10459423810243600,2455743.25,19.669736862182600,0.14068229496479000,2455741.25,17.290340423584000,0.05965271219611170
SN2016hvl,0.013,0.013436105832969400,0.3766,1.1576661457494400,0.056989284979356900,-0.00034624106417781000,0.001512568654751370,0.5671625137329100,0.058275810143662300,2457709.0,16.02457046508790,0.03919912129640580,2457710.25,15.45740795135500,0.043121907860040700,2457707.75,15.697278022766100,0.05762656033039090,2457707.5,18.73784828186040,0.13716772198677100,2457709.0,19.044315338134800,0.3274131119251250,2457707.0,17.238174438476600,0.07941851019859310
SN2012bl,0.018706,0.018212477014702800,0.0297,1.0922753718982000,0.04188216625056960,6.21174327377769E-05,0.00035403028680741600,0.004015922546386720,0.032112728059906800,2456019.25,15.280291557312000,0.021287381649017300,2456020.0,15.276275634765600,0.024043183773756000,2456017.75,15.008626937866200,0.028176046907901800,2456017.75,18.275957107543900,0.06712417304515840,2456019.0,18.693206787109400,0.07590554654598240,2456017.0,16.62887954711910,0.04125453531742100
SN2011by,0.002843,0.003405017677520900,0.0119,0.982386492057263,0.006510689701875310,3.148147670266E-05,6.04925959603217E-05,0.05704212188720700,0.016350841602458200,2455690.75,12.942630767822300,0.009113322012126450,2455691.75,12.885588645935100,0.013575617223978000,2455689.5,12.427413940429700,0.011841452680528200,2455689.25,15.705354690551800,0.026380669325590100,2455690.5,16.44994354248050,0.03165475279092790,2455688.5,13.946682929992700,0.021628564223647100
ASASSN-15rq,0.025,0.02413294936915650,0.0114,1.0693221902473300,0.057324949834489000,0.0006603428440863830,0.0010361158116265100,-0.028612136840820300,0.05406270582059040,2457323.25,15.438650131225600,0.03506839647889140,2457324.25,15.467262268066400,0.04114588350057600,2457322.0,14.748797416687000,0.03726732358336450,2457321.75,17.38422393798830,0.06901081651449200,2457323.0,17.59465217590330,0.06828151643276220,2457321.0,16.0239200592041,0.05581161752343180
SN2011aa,0.012355,0.012404434307816400,0.0237,1.4104981974222200,0.04697654355451990,0.00064231304169832,0.0014403182788520000,0.04594993591308590,0.06012395020406910,2455611.0,14.742053985595700,0.04018199443817140,2455612.25,14.696104049682600,0.04472467675805090,2455609.5,14.029232025146500,0.03997835889458660,2455609.5,16.308395385742200,0.06867013871669770,2455611.0,16.056156158447300,0.06337838619947430,2455609.0,15.082777976989700,0.05569474399089810
SN2017cyy,0.0098,0.010428087417147900,0.2156,0.949373228940658,0.011680291101970600,0.00010170401281956300,0.0002679243179384870,0.16707801818847700,0.026579431151128500,2457870.25,14.91663932800290,0.01777483895421030,2457871.75,14.749561309814500,0.01976161077618600,2457869.0,14.655192375183100,0.019735051319003100,2457868.75,17.709369659423800,0.042943816632032400,2457870.25,19.002456665039100,0.0784403532743454,2457868.25,16.191511154174800,0.026850275695323900
SN2011B,0.00467,0.004730474816994870,0.0265,0.9082061126644330,0.00916501630873847,8.26331484754377E-05,0.00028670161940774600,0.0659332275390625,0.023729814360398400,2455583.0,12.871801376342800,0.01807486079633240,2455584.25,12.805868148803700,0.015375418588519100,2455581.5,12.403231620788600,0.018522609025239900,2455581.5,15.669638633728000,0.03439776599407200,2455583.25,16.327363967895500,0.03563260659575460,2455580.75,13.987821578979500,0.026597263291478200
SN2005df,0.00435,0.004351573634087900,0.0258,0.9356156449924250,0.022864220025396200,0.00047822063583955000,-0.0001044544516608970,0.026891708374023400,0.0979417843678969,2453599.5,12.319439888000500,0.026249850168824200,2453600.75,12.292548179626500,0.09435856342315670,2453598.25,12.27347469329830,0.08548260480165480,2453598.0,15.54810619354250,0.06706829369068150,2453599.75,16.895421981811500,0.083987295627594,2453597.25,13.81523609161380,0.047899313271045700
SN2013aa,0.003999,0.004667762118077890,0.1458,1.051152500068060,0.006213705861886780,1.17633312165817E-05,3.81941909079547E-06,0.04601478576660160,0.006764761204157890,2456343.75,11.6963472366333,0.0028854189440608000,2456344.5,11.6503324508667,0.00611852528527379,2456342.25,11.366933822631800,0.008952595293521880,2456342.25,14.49724006652830,0.012357480823993700,2456343.5,15.421404838562000,0.020159123465418800,2456341.5,12.831146240234400,0.011121224611997600
SN2008hv,0.012549,0.013589103773016400,0.0279,0.8914178482599850,0.011578291028743000,0.00011156275169390200,0.0003454985219548980,-0.03818702697753910,0.030821565698207700,2454817.0,14.858841896057100,0.020238393917679800,2454818.5,14.897028923034700,0.023245995864272100,2454815.75,14.335390090942400,0.020630083978176100,2454815.75,17.54046630859380,0.038513775914907500,2454817.25,18.318845748901400,0.05245421454310420,2454815.0,15.857583999633800,0.029206478968262700
SN2011ay,0.021,0.021245240441535500,0.0694,0.8957201169641660,0.0505354653017598,0.0003018909908625430,0.0015990362723031900,0.49248313903808600,0.06110875840249730,2455646.75,17.140342712402300,0.04338550940155980,2455648.0,16.647859573364300,0.04303461313247680,2455645.25,16.7894287109375,0.052242934703826900,2455645.25,19.708383560180700,0.10636650770902600,2455647.0,19.804399490356400,0.09204675257205960,2455644.5,18.205533981323200,0.07420992851257320
ASASSN-14lp,0.0051,0.0062287578743540800,0.0213,1.1544313930673400,0.010226128535010000,5.26495644332485E-06,5.44850433856013E-05,0.3279304504394530,0.011101194284595500,2457015.75,12.3388032913208,0.007521811872720720,2457016.75,12.010872840881300,0.008164487779140470,2457014.25,12.164205551147500,0.008883476257324220,2457014.25,15.472049713134800,0.022143330425024000,2457015.75,17.142742156982400,0.037411224097013500,2457013.5,13.9066801071167,0.020001469179987900
SN2016bln,0.0235,0.02443209886305070,0.024,1.1676131244112100,0.020125851731892500,-4.7473045155177E-05,0.0005035273154910310,-0.011104583740234400,0.036607470243515600,2457498.5,15.995576858520500,0.022430110722780200,2457499.5,16.006681442260700,0.028930900618434000,2457497.0,15.317368507385300,0.02886013686656950,2457497.0,18.492515563964800,0.06363160908222200,2457498.25,19.629669189453100,0.1312199831008910,2457496.25,16.893096923828100,0.03757350519299510
SN2012hj,0.024597,0.02533480031150250,0.0095,1.0005437497507600,0.05580227432247760,-9.94130688500835E-05,0.0006031456683476720,-0.0414276123046875,0.04711363780897270,2456278.75,16.48287010192870,0.02547021023929120,2456280.0,16.5242977142334,0.03963537886738780,2456277.5,16.39178466796880,0.03238634392619130,2456277.25,19.599760055542000,0.08341453969478610,2456278.75,20.579084396362300,0.19016513228416400,2456276.75,18.27277183532720,0.05714104324579240
SN2015bp,0.004069,0.004708305480346160,0.0454,0.8528364896072790,0.017086845716401500,0.0002545155329150010,0.0014256013847403200,0.08078384399414060,0.05741589285236080,2457112.25,13.974522590637200,0.039458081126213100,2457113.5,13.893738746643100,0.0417090468108654,2457110.75,13.699220657348600,0.04300345852971080,2457110.75,16.28194808959960,0.06978826224803930,2457112.5,16.63084602355960,0.07189977914094930,2457110.25,14.93411636352540,0.057592593133449600
SN2011fe,0.000804,0.0012081699425119800,0.0077,0.9920300232543,0.002000011433624300,5.06219399094259E-06,4.89562764734628E-05,-0.033911705017089800,0.010225078824487300,2455814.5,10.035299301147500,0.007584919221699240,2455815.75,10.06921100616460,0.00685720331966877,2455813.25,9.660147666931150,0.01522899977862840,2455813.0,12.543913841247600,0.004760488402098420,2455814.5,12.995685577392600,0.0068307905457913900,2455812.5,10.944855690002400,0.005494282115250830
SN2013fw,0.01695,0.015876974253331000,0.0665,0.8975149164489150,0.026653713727473900,0.00010938928486655300,0.00026011536574311000,0.039554595947265600,0.02878869583670200,2456600.75,15.314997673034700,0.017852265387773500,2456602.25,15.275443077087400,0.022585075348615600,2456599.25,14.954766273498500,0.018889933824539200,2456599.25,18.3165225982666,0.056359563022851900,2456601.0,19.049619674682600,0.1385779082775120,2456598.5,16.591777801513700,0.029440106824040400
SN2016fej,0.010914,0.01047061735248320,0.0407,1.0094126693863300,0.01195844395671620,9.78936252255346E-05,0.00029908174916155000,0.03998374938964840,0.02887821180011330,2457637.25,13.89860725402830,0.01909046620130540,2457638.25,13.858623504638700,0.021668069064617200,2457635.75,13.392875671386700,0.021256018429994600,2457635.75,16.399272918701200,0.03673945367336270,2457637.0,17.284921646118200,0.04093711078166960,2457635.0,14.894787788391100,0.029706763103604300
SN2005cf,0.00646,0.00704383460064467,0.0841,0.9623657767823090,0.0050790921551071100,2.02033360166678E-05,9.81556991963915E-06,0.08946037292480470,0.029757273499946100,2453534.0,13.601349830627400,0.005118231754750010,2453535.25,13.511889457702600,0.02931380271911620,2453532.75,13.469803810119600,0.033963751047849700,2453532.5,16.839313507080100,0.061146412044763600,2453534.0,18.508480072021500,0.1576557755470280,2453532.0,15.07046127319340,0.04656326398253440
SN2011ao,0.010706,0.011631518498260800,0.0174,1.185018020484250,0.011757573901897800,8.86562411915047E-05,0.0002119417308278930,-0.02900218963623050,0.023526396215723300,2455640.0,14.371810913085900,0.015889979898929600,2455641.25,14.400813102722200,0.017349347472190900,2455638.5,14.048355102539100,0.016415681689977600,2455638.5,17.573400497436500,0.036844752728939100,2455640.0,18.62793731689450,0.06445159018039700,2455637.75,15.793606758117700,0.022438282147049900
SN2016euj,0.017,0.01632236252151530,0.0166,0.8539026017343470,0.03674917696682920,0.0004674694661861000,0.0006427085133908590,-0.005679130554199220,0.0408213985231992,2457619.0,15.337972640991200,0.02620675042271610,2457620.25,15.34365177154540,0.0312984474003315,2457617.5,14.78803539276120,0.02132684551179410,2457617.5,17.749237060546900,0.15800456702709200,2457619.25,18.098451614379900,0.21892479062080400,2457617.0,16.275026321411100,0.03346145525574680
SN2007on,0.006494,0.0061865636460018900,0.0098,0.6773364747654820,0.016435890321058200,0.0001331559683160370,0.00013430957089637000,0.0584259033203125,0.04932154230753140,2454420.25,13.090814590454100,0.014727805741131300,2454421.5,13.032388687133800,0.04707128927111630,2454418.5,12.852466583252000,0.056387316435575500,2454418.75,15.488378524780300,0.08752016723155980,2454420.25,15.877720832824700,0.08991026878356930,2454418.0,14.092723846435500,0.06751374155282970
SN2013gs,0.016888,0.01754514469973970,0.0161,0.9786503665483290,0.013750193299050500,0.00013586779559628300,0.00027259953172179400,0.10460948944091800,0.027554377954511000,2456640.0,15.528851509094200,0.01854882761836050,2456641.25,15.42424201965330,0.020376082509756100,2456638.75,15.375804901123000,0.02153128571808340,2456638.5,18.67447853088380,0.05906618759036060,2456640.0,19.8426456451416,0.17893680930137600,2456637.75,16.989639282226600,0.030889922752976400
SN2017erp,0.006174,0.006818017545648230,0.0925,0.9854141666239760,0.006856411769630060,2.48085588482708E-05,1.05205170409375E-05,0.22553348541259800,0.027617419380247600,2457935.0,13.632515907287600,0.0051589529030025000,2457936.0,13.406982421875,0.02713129296898840,2457933.75,13.620129585266100,0.029993146657943700,2457933.5,16.665924072265600,0.05675545334815980,2457934.75,18.607576370239300,0.14144153892993900,2457932.75,15.089544296264600,0.041139401495456700
ASASSN-14fa,0.022589,0.022071295501066800,0.0178,0.8136470934921130,0.02855450964394380,0.00022257080315976700,0.001171378961740540,-0.026226043701171900,0.05065508007775360,2456878.75,16.019996643066400,0.03764163330197330,2456880.0,16.046222686767600,0.033897560089826600,2456877.25,15.477858543396000,0.04659920558333400,2456877.5,18.181472778320300,0.06508252769708630,2456879.0,18.563705444335900,0.06347846984863280,2456876.75,16.8613224029541,0.05534014478325840
SN2013ex,0.010441,0.010585049529523100,0.1263,0.9236150680671030,0.01727297131495310,0.00017452294358748800,0.00040057671117575300,0.0681905746459961,0.031505463885808,2456530.75,14.828516960144000,0.021724412217736200,2456532.0,14.760326385498000,0.02281762845814230,2456529.25,14.458791732788100,0.024703627452254300,2456529.25,17.54067611694340,0.04781416803598400,2456530.75,18.43902015686040,0.06547939032316210,2456528.5,15.999932289123500,0.03357565402984620
SN2014dg,0.004003,0.003712579199980740,0.6155,0.9191095660545580,0.020932386055021300,0.00032078026073439900,0.0007383748079178140,0.6837902069091800,0.044864061535296000,2456924.75,14.594452857971200,0.031223643571138400,2456926.0,13.910662651062000,0.03221596032381060,2456923.25,14.543256759643600,0.0333525650203228,2456923.25,17.899805068969700,0.08899537473917010,2456924.75,19.628639221191400,0.12015459686517700,2456922.5,16.535171508789100,0.07932203263044360
SN2016gxp,0.018,0.017100731436600600,0.1051,1.0931997663096900,0.0468436205628976,0.0004779574981837130,0.0009607256831465640,0.16806697845459000,0.05128301123248290,2457682.75,15.029745101928700,0.033017829060554500,2457683.75,14.861678123474100,0.03923990577459340,2457681.25,14.566372871398900,0.03272245451807980,2457681.25,17.313013076782200,0.0641118586063385,2457682.5,17.608943939209000,0.07640278339385990,2457680.5,16.00050926208500,0.05385452136397360
ASASSN-15ut,0.011471,0.010809568170697900,0.0167,0.557686622886314,0.12318761203985500,0.0007776408620604250,0.004115094017013070,0.5252571105957030,0.10175729590875900,2457389.25,16.856006622314500,0.06518233567476270,2457391.0,16.33074951171880,0.07813968509435650,2457387.75,16.343488693237300,0.08465664833784100,2457387.75,18.54746437072750,0.16880226135253900,2457389.25,18.733484268188500,0.18482571840286300,2457387.25,17.563772201538100,0.17033927142620100
SN2010gn,0.0365,0.03637816344148790,0.0261,0.8890605547585600,0.022204862405991600,0.00031015187607898400,0.00041939039153679300,-0.062450408935546900,0.033061485246997500,2455391.25,16.86261749267580,0.02227126434445380,2455392.5,16.925067901611300,0.024434659630060200,2455389.75,16.698457717895500,0.024911273270845400,2455389.75,19.792028427124000,0.08095231652259830,2455391.5,20.14103126525880,0.18605820834636700,2455389.0,18.283781051635700,0.04060317203402520
SN2013gy,0.014023,0.013568382767186200,0.0485,0.9500067175705150,0.011985266550727200,0.000130027339685426,0.00039577455672731100,0.026081085205078100,0.03278687150026900,2456648.25,14.927339553833000,0.022197041660547300,2456649.5,14.90125846862790,0.02413027733564380,2456646.75,14.689745903015100,0.02469646744430070,2456646.75,17.83138656616210,0.046380266547203100,2456648.0,18.690555572509800,0.06496639549732210,2456646.0,16.29816436767580,0.034078553318977400
SN2016blc,0.012,0.013197687217537800,0.0324,1.0054370676103000,0.014534926873582900,0.00016428942753159500,0.00026089953993377600,-0.13027667999267600,0.030727203212723900,2457489.5,14.58144474029540,0.01978534646332260,2457490.5,14.711721420288100,0.023509595543146100,2457488.25,14.016776084899900,0.022130852565169300,2457488.0,17.17206382751470,0.044321510940790200,2457489.5,18.079923629760700,0.06697668135166170,2457487.25,15.55467414855960,0.03125839680433270
SN2007af,0.005464,0.006293098772021390,0.0338,0.9364712477138360,0.003193594235085140,6.73250384247387E-06,4.95064836620117E-06,0.13945674896240200,0.007070508998703970,2454174.5,13.295713424682600,0.0030287476256489800,2454175.75,13.156256675720200,0.00638895807787776,2454173.0,13.093741416931200,0.012145349755883200,2454173.0,16.357421875,0.017042573541402800,2454174.5,17.028663635253900,0.039263930171728100,2454172.25,14.633491516113300,0.016851410269737200
SN2016ccj,0.041,0.040941067991117700,0.0291,1.516990640181680,0.08154990476005850,0.0019942274278826200,0.0024303199411457700,-0.0076885223388671900,0.08761218228087550,2457520.75,16.907062530517600,0.05455414578318600,2457522.0,16.914751052856400,0.06855464726686480,2457519.25,16.166202545166000,0.06412157416343690,2457519.25,18.411134719848600,0.124486044049263,2457520.5,18.26747703552250,0.10052069276571300,2457518.5,17.297286987304700,0.0828840360045433
SN2012cg,0.001458,0.0025797838186012800,0.0179,1.1299239224055000,0.009632304925909240,1.96947370256729E-05,2.52663634909146E-05,0.1608142852783200,0.010447598888366700,2456082.0,12.210057258606000,0.005183399189263580,2456083.0,12.049242973327600,0.009071091189980510,2456080.75,11.776473045349100,0.012145932763814900,2456080.5,15.154192924499500,0.032109152525663400,2456082.0,16.344945907592800,0.03730207681655880,2456080.0,13.383051872253400,0.023776844143867500
SN2011ia,0.019,0.019359716545314700,0.0502,0.9727056833129450,0.01671141005919870,7.11975129048728E-05,0.0002379292524166040,-0.12717723846435500,0.024269895955179300,2455891.5,15.157611846923800,0.016676222905516600,2455892.75,15.284789085388200,0.01763324812054630,2455890.25,14.510814666748000,0.01875903829932210,2455890.0,17.6549015045166,0.037611253559589400,2455891.5,18.167461395263700,0.04116952791810040,2455889.25,16.04151153564450,0.025504471734166100
SN2016gsb,0.0097,0.010013230550638100,0.0578,0.8798763876818360,0.03251043334194680,-0.00012964867519069300,0.000186657345865477,0.039910316467285200,0.030615037994856400,2457672.0,14.468826293945300,0.01816677302122120,2457673.25,14.428915977478000,0.024642420932650600,2457670.5,14.5687837600708,0.02965034544467930,2457670.5,17.633323669433600,0.035263121128082300,2457672.25,19.09355926513670,0.0955251008272171,2457669.75,15.962898254394500,0.029085900634527200
SN2015F,0.00489,0.005283759431817070,0.1749,0.9050081366420510,0.011382508311392000,0.0001818585340574240,0.0005486161520174800,0.35286426544189500,0.035745243831631600,2457106.5,13.562973976135300,0.02657512202858930,2457108.0,13.21010971069340,0.023905759677290900,2457105.25,13.299174308776900,0.028347089886665300,2457105.0,16.331708908081100,0.04923116788268090,2457106.75,17.490093231201200,0.07376766204833980,2457104.5,14.816269874572800,0.039387285709381100
SN2007bm,0.006211,0.007444231460547980,0.0354,0.9134073790585220,0.0064667679097716600,7.56312006539448E-06,4.15557603725093E-05,0.4637489318847660,0.04985111138529340,2454224.75,14.649015426635700,0.005523013416677710,2454226.25,14.185266494751000,0.04954421892762180,2454223.5,14.709598541259800,0.04538370296359060,2454223.5,18.15394401550290,0.10529609769582700,2454225.0,19.815004348754900,0.5928365588188170,2454222.75,16.576393127441400,0.06774294376373290
SN2016gfr,0.014,0.013613092622680900,0.1154,1.1684288002123900,0.04009358048181850,-0.00028910181089790000,0.00037070449293859700,0.14857959747314500,0.0296479788523728,2457657.0,15.319812774658200,0.02043282240629200,2457658.0,15.171233177185100,0.02148260734975340,2457655.5,15.02447509765630,0.029709476977586700,2457655.5,18.28461456298830,0.04327913373708730,2457656.75,19.458843231201200,0.09370039403438570,2457654.75,16.645444869995100,0.030686553567647900
SN2007cq,0.025,0.023802128421077800,0.0922,0.9837278378755020,0.00904170076775879,3.70702518783588E-05,2.05406178851487E-05,0.13747215270996100,0.020460824883826900,2454280.5,16.28493309021000,0.005463696084916590,2454281.75,16.1474609375,0.01971784420311450,2454279.25,16.05869483947750,0.02045263722538950,2454279.0,18.751474380493200,0.05028991401195530,2454280.5,18.83049201965330,0.06314172595739370,2454278.25,17.519685745239300,0.03102859854698180
SN2018xx,0.00999,0.010938931453682900,0.092,0.8997244635871390,0.009476486265085680,5.45279866931308E-05,0.0002908997964222340,0.14032840728759800,0.02772054354251710,2458184.25,14.578715324401900,0.017564335837960200,2458185.75,14.438386917114300,0.021445807069540000,2458183.0,14.180269241333000,0.01823408342897890,2458183.0,17.153427124023400,0.036947522312402700,2458184.5,18.19329833984380,0.0571032278239727,2458182.25,15.614801406860400,0.026735574007034300
SN2008Q,0.007935,0.006897475957803200,0.0716,0.8715514431170990,0.015568979213270100,0.00011755731555779000,0.0001263353851154140,0.08991336822509770,0.03741384335158980,2454505.75,13.794489860534700,0.012659009546041500,2454507.0,13.70457649230960,0.035207174718380000,2454504.25,13.319663047790500,0.033204492181539500,2454504.25,16.369770050048800,0.055367592722177500,2454506.0,16.844934463501000,0.06729273498058320,2454503.75,14.734015464782700,0.044149477034807200
SN2008A,0.016428,0.015536994239549000,0.0427,0.8504364466162030,0.019670934564416400,7.36865289906621E-05,0.0001111402843763190,0.24035072326660200,0.043555606179389900,2454478.25,16.393470764160200,0.0110464571043849,2454479.5,16.153120040893600,0.042131539434194600,2454476.5,16.275999069213900,0.045640427619218800,2454476.75,19.332656860351600,0.09965814650058750,2454478.25,19.649677276611300,0.1735421121120450,2454476.0,17.980361938476600,0.0734797865152359